number,value,params_activation,params_batch_size,params_beta,params_beta_warmup_rounds,params_clip_abs,params_dropout,params_first_layer,params_grad_clip,params_latent_dim,params_layer_1_dropoff,params_layer_2_dropoff,params_layer_3_dropoff,params_local_epochs,params_lr,params_n_layers,params_recon_type,params_score_type,params_sgd_momentum,params_sgd_nesterov,params_weight_decay,user_attrs_NF-BoT-IoT-v3__test_auroc,user_attrs_NF-BoT-IoT-v3__val_auroc,user_attrs_NF-CICIDS2018-v3__test_auroc,user_attrs_NF-CICIDS2018-v3__val_auroc,user_attrs_activation,user_attrs_batch_size,user_attrs_beta,user_attrs_beta_warmup_rounds,user_attrs_clip_abs,user_attrs_clip_max,user_attrs_clip_min,user_attrs_dropout,user_attrs_early_stop_patience,user_attrs_epochs_matched,user_attrs_epochs_per_round,user_attrs_first_layer,user_attrs_grad_clip,user_attrs_hidden_dims,user_attrs_hpo_seeds,user_attrs_latent_dim,user_attrs_layer_1_dropoff,user_attrs_layer_2_dropoff,user_attrs_layer_3_dropoff,user_attrs_local_epochs,user_attrs_lr,user_attrs_max_rounds,user_attrs_n_layers,user_attrs_optimizer,user_attrs_recon_type,user_attrs_rounds,user_attrs_score_type,user_attrs_seed_seen_obj_mean,user_attrs_seed_seen_obj_std,user_attrs_seen_test_mean,user_attrs_seen_test_min,user_attrs_sgd_momentum,user_attrs_sgd_nesterov,user_attrs_train__best_metric,user_attrs_train__history_len,user_attrs_unseen__test_auroc,user_attrs_unseen__val_auroc,user_attrs_unseen_test_n,user_attrs_unseen_val_n,user_attrs_weight_decay,state
0,0.8332750528163051,relu,512,0.870804191700653,5,6.0,0.1692425840497844,338,5.0,95,0.6134257267821015,0.7756573845414456,,1,0.004307355413840528,3,mse,recon,0.8069602043739,False,0.0001,0.8588181848972887,0.8638647975504337,0.7953234225436125,0.8026853080821765,relu,512,0.870804191700653,5,6.0,6.0,-6.0,0.1692425840497844,8,120,1,338,5.0,"[338, 207, 160]","[42, 43, 44, 45]",95,0.6124260355029586,0.7729468599033816,,1,0.004307355413840528,120,3,sgd,mse,120,recon,0.8332750528163051,0.01747998324372855,0.8270708037204506,0.7953234225436125,0.8069602043739,False,0.8344973780603115,94.5,0.7705912791824492,0.766559120038725,7290.0,5832.0,0.0001,COMPLETE
1,0.8431931119823274,leakyrelu,64,1.2471330196850028,1,8.0,0.10018214615860269,175,2.0,112,0.6586427409101605,0.7074131059768158,,1,0.004987564371383458,3,mse,recon,0.5566397249341022,True,1e-10,0.9059873814779063,0.9088270734662927,0.7675502266479252,0.7775591504983621,leakyrelu,64,1.2471330196850028,1,8.0,8.0,-8.0,0.10018214615860269,8,121,1,175,2.0,"[175, 115, 81]","[42, 43, 44, 45]",112,0.6571428571428571,0.7043478260869566,,1,0.004987564371383458,120,3,sgd,mse,120,recon,0.8431931119823274,0.02593609599485361,0.8367688040629158,0.7675502266479252,0.5566397249341022,True,0.8439762568892877,43.0,0.7554852561243863,0.7548302486776519,7290.0,5832.0,1e-10,COMPLETE
2,0.5365054119954049,relu,512,0.14801245329920112,5,5.0,0.3700529958455945,728,,55,0.777191624858886,,,4,0.0012692690224631797,2,huber,recon+kl,0.487471746489052,False,1e-08,0.514357144066792,0.5163527971590449,0.5490620031198195,0.5566580268317649,relu,512,0.14801245329920112,5,5.0,5.0,-5.0,0.3700529958455945,8,480,4,728,,"[728, 565]","[42, 43, 44, 45]",55,0.7760989010989011,,,4,0.0012692690224631797,120,2,sgd,huber,120,recon+kl,0.5365054119954049,0.0006402081333485003,0.5317095735933057,0.514357144066792,0.487471746489052,False,0.5362707390143027,9.0,0.8349844197192162,0.8266760503517794,7290.0,5832.0,1e-08,COMPLETE
3,0.5370131853183138,elu,512,0.39364680343716085,12,5.0,0.3934523539646893,934,5.0,117,0.6038179305981622,0.6462447063962125,0.7600050765362417,2,0.0004439567439268961,4,mse,recon+kl,0.2820177367066455,False,1e-05,0.5147966754540956,0.5168589534162776,0.5496653344397591,0.5571674172203499,elu,512,0.39364680343716085,12,5.0,5.0,-5.0,0.3934523539646893,8,240,2,934,5.0,"[934, 563, 363, 275]","[42, 43, 44, 45]",117,0.6027837259100642,0.6447602131438721,0.7575757575757576,2,0.0004439567439268961,120,4,sgd,mse,120,recon+kl,0.5370131853183138,0.0006401120611053148,0.5322310049469273,0.5147966754540956,0.2820177367066455,False,0.5369949124761733,9.0,0.838709574534144,0.8299095789796045,7290.0,5832.0,1e-05,COMPLETE
4,0.552987015785854,elu,512,1.1375582460015305,7,6.0,0.23306843514456188,799,5.0,18,0.7828210006129415,,,5,0.0017824536581493996,2,huber,recon+kl,0.5341074597943604,True,0.0001,0.5176527027459303,0.5194776148716415,0.5781353057065601,0.5864964167000664,elu,512,1.1375582460015305,7,6.0,6.0,-6.0,0.23306843514456188,8,600,5,799,5.0,"[799, 625]","[42, 43, 44, 45]",18,0.7822277847309136,,,5,0.0017824536581493996,120,2,sgd,huber,120,recon+kl,0.552987015785854,0.026140879263673727,0.5478940042262452,0.5176527027459303,0.5341074597943604,True,0.5535391114088865,31.5,0.7913018284249804,0.7893640680480054,7290.0,5832.0,0.0001,COMPLETE
5,0.7989177655656978,relu,128,1.9353680216575784,3,5.0,0.2613459485412163,585,,16,,,,5,0.0011565851294673551,1,mse,recon,0.8032563467344402,True,1e-06,0.8050802064575371,0.812386423187146,0.7765259549037429,0.7854491079442497,relu,128,1.9353680216575784,3,5.0,5.0,-5.0,0.2613459485412163,8,604,5,585,,[585],"[42, 43, 44, 45]",16,,,,5,0.0011565851294673551,120,1,sgd,mse,120,recon,0.7989177655656978,0.013472046119317783,0.79080308068064,0.7765259549037429,0.8032563467344402,True,0.8018414276584795,27.5,0.7274776786134303,0.7165333998741159,7290.0,5832.0,1e-06,COMPLETE
6,0.5456276249386103,elu,64,1.9586915934766993,3,6.0,0.15007421099311924,582,1.0,127,0.8131546808549281,0.5027727042034522,0.7424547217212796,3,0.0003335500512764793,4,mse,recon,0.253560524051578,False,0.0,,,,,elu,64,1.9586915934766993,3,6.0,6.0,-6.0,0.15007421099311924,8,361,3,582,1.0,"[582, 473, 237, 175]",,127,0.8127147766323024,0.5010570824524313,0.7383966244725738,3,0.0003335500512764793,120,4,sgd,mse,120,recon,,,,,0.253560524051578,False,,,,,,,0.0,PRUNED
7,0.5304135948299058,elu,128,0.1023450253648446,1,8.0,0.3108649846282409,89,1.0,23,0.9437967302338874,0.508059315211687,,5,0.0005048304188888196,3,huber,recon,0.5666625534246501,True,1e-10,,,,,elu,128,0.1023450253648446,1,8.0,8.0,-8.0,0.3108649846282409,8,604,5,89,1.0,"[89, 83, 42]",,23,0.9325842696629213,0.5060240963855421,,5,0.0005048304188888196,120,3,sgd,huber,120,recon,,,,,0.5666625534246501,True,,,,,,,1e-10,PRUNED
8,0.5376665460041661,gelu,256,0.2843123798463446,10,5.0,0.07934627561068766,545,5.0,120,0.5017661054831242,0.7404445219374811,,8,0.0014147335594241423,3,mse,recon,0.23010881616765388,False,1e-10,,,,,gelu,256,0.2843123798463446,10,5.0,5.0,-5.0,0.07934627561068766,8,960,8,545,5.0,"[545, 273, 202]",,120,0.5009174311926605,0.73992673992674,,8,0.0014147335594241423,120,3,sgd,mse,120,recon,,,,,0.23010881616765388,False,,,,,,,1e-10,PRUNED
9,0.5537749604377531,leakyrelu,512,0.7175251725080278,12,3.0,0.08620217891026392,413,2.0,89,0.7822851712980718,0.5956678603602783,,6,0.007931301977854554,3,huber,recon+kl,0.2256043089888526,True,1e-08,,,,,leakyrelu,512,0.7175251725080278,12,3.0,3.0,-3.0,0.08620217891026392,8,720,6,413,2.0,"[413, 323, 192]",,89,0.7820823244552058,0.5944272445820433,,6,0.007931301977854554,120,3,sgd,huber,120,recon+kl,,,,,0.2256043089888526,True,,,,,,,1e-08,PRUNED
10,0.8840312529989218,leakyrelu,64,0.571327594569229,15,8.0,0.003224457361608174,73,2.0,56,,,,1,0.01633097375776257,1,mse,recon,0.9369746035816005,True,1e-10,0.9401782700243301,0.9390740223279724,0.8254799968387836,0.8289884836698711,leakyrelu,64,0.571327594569229,15,8.0,8.0,-8.0,0.003224457361608174,8,121,1,73,2.0,[73],"[42, 43, 44, 45]",56,,,,1,0.01633097375776257,120,1,sgd,mse,120,recon,0.8840312529989218,0.003926058239545451,0.8828291334315568,0.8254799968387836,0.9369746035816005,True,0.8848944353065533,10.25,0.5919290664438762,0.5750596021007036,7290.0,5832.0,1e-10,COMPLETE
11,0.8936218049134335,leakyrelu,64,0.5686124494327017,15,8.0,0.0005360783177254702,82,2.0,54,,,,1,0.019495399576511273,1,mse,recon,0.9219181141926562,True,1e-10,0.9397666721235283,0.9395592743361917,0.8429016767618607,0.8476843354906753,leakyrelu,64,0.5686124494327017,15,8.0,8.0,-8.0,0.0005360783177254702,8,121,1,82,2.0,[82],"[42, 43, 44, 45]",54,,,,1,0.019495399576511273,120,1,sgd,mse,120,recon,0.8936218049134335,0.005568635279582352,0.8913341744426945,0.8429016767618607,0.9219181141926562,True,0.8935003926823486,10.0,0.5740396582122946,0.5606783902164116,7290.0,5832.0,1e-10,COMPLETE
12,0.9192584407300152,leakyrelu,64,0.5063150451688377,15,8.0,0.011355141079978988,246,2.0,49,,,,2,0.014965835546542293,1,mse,recon,0.9289179321517094,True,1e-10,0.9533998788200384,0.9524038475108243,0.8812343515084459,0.886113033949206,leakyrelu,64,0.5063150451688377,15,8.0,8.0,-8.0,0.011355141079978988,8,241,2,246,2.0,[246],"[42, 43, 44, 45]",49,,,,2,0.014965835546542293,120,1,sgd,mse,120,recon,0.9192584407300152,0.0028277904961723044,0.9173171151642421,0.8812343515084459,0.9289179321517094,True,0.9194413088070924,9.5,0.5606572977997558,0.5399392583090127,7290.0,5832.0,1e-10,COMPLETE
13,0.9462223126014929,leakyrelu,64,0.27182143809991266,15,4.0,0.01251665029612007,285,2.0,39,,,,3,0.015319991329529908,1,mse,recon,0.9434823198425799,True,1e-10,0.9680691459635219,0.9684329081215036,0.9201052045288189,0.9240117170814822,leakyrelu,64,0.27182143809991266,15,4.0,4.0,-4.0,0.01251665029612007,8,361,3,285,2.0,[285],"[42, 43, 44, 45]",39,,,,3,0.015319991329529908,120,1,sgd,mse,120,recon,0.9462223126014929,0.00620107780894456,0.9440871752461704,0.9201052045288189,0.9434823198425799,True,0.9461897213778199,9.0,0.5159568795030869,0.5082474465650938,7290.0,5832.0,1e-10,COMPLETE
14,0.925922250776662,leakyrelu,64,0.2666486061973195,12,4.0,0.04137048158298101,313,2.0,39,0.9962584164530706,,,3,0.010902586090699383,2,mse,recon,0.0012889620887366893,True,1e-06,0.9422943751046682,0.9446095321493826,0.905760018515696,0.9072349694039413,leakyrelu,64,0.2666486061973195,12,4.0,4.0,-4.0,0.04137048158298101,8,361,3,313,2.0,"[313, 311]","[42, 43, 44, 45]",39,0.9936102236421726,,,3,0.010902586090699383,120,2,sgd,mse,120,recon,0.925922250776662,0.007265456103818683,0.9240271968101821,0.905760018515696,0.0012889620887366893,True,0.9272298762350855,108.25,0.7059693832429188,0.688524293501066,7290.0,5832.0,1e-06,COMPLETE
15,0.8553569813605839,gelu,256,0.25013201414144065,12,4.0,0.05940725167329594,396,2.0,34,0.992200229859342,,,3,0.009256286817611084,2,mse,recon,0.04274720692520521,True,1e-06,0.8725508287843806,0.8750768400208114,0.8332921434364304,0.8356371227003562,gelu,256,0.25013201414144065,12,4.0,4.0,-4.0,0.05940725167329594,8,360,3,396,2.0,"[396, 392]","[42, 43, 44, 45]",34,0.98989898989899,,,3,0.009256286817611084,120,2,sgd,mse,120,recon,0.8553569813605839,0.021369435699842006,0.8529214861104055,0.8332921434364304,0.04274720692520521,True,0.8571982311418388,44.25,0.7530458508094031,0.7409800664608113,7290.0,5832.0,1e-06,COMPLETE
16,0.8605331350869617,leakyrelu,64,0.2067996449895373,10,4.0,0.14732865222242253,294,2.0,35,0.8952393123650704,,,3,0.0035652034484325705,2,mse,recon,0.010550454593156733,True,1e-06,0.8829623514181254,0.885016692821969,0.8325507723340878,0.8360495773519544,leakyrelu,64,0.2067996449895373,10,4.0,4.0,-4.0,0.14732865222242253,8,361,3,294,2.0,"[294, 263]","[42, 43, 44, 45]",35,0.8945578231292517,,,3,0.0035652034484325705,120,2,sgd,mse,120,recon,0.8605331350869617,0.027230245680896964,0.8577565618761066,0.8325507723340878,0.010550454593156733,True,0.8620057820976363,51.0,0.7480209280051784,0.7364148842486749,7290.0,5832.0,1e-06,COMPLETE
17,0.9233526231627782,leakyrelu,64,0.3518229629094774,10,4.0,0.04608234342645932,435,2.0,73,,,,7,0.009704349534794484,1,mse,recon,0.6834863622138466,True,1e-05,0.9424289431940704,0.9433372689771772,0.8997628146868608,0.9033679773483793,leakyrelu,64,0.3518229629094774,10,4.0,4.0,-4.0,0.04608234342645932,8,843,7,435,2.0,[435],"[42, 43, 44, 45]",73,,,,7,0.009704349534794484,120,1,sgd,mse,120,recon,0.9233526231627782,0.004030212685145188,0.9210958789404656,0.8997628146868608,0.6834863622138466,True,0.9227925598161414,10.5,0.5265599567967093,0.5147856694110917,7290.0,5832.0,1e-05,COMPLETE
18,0.6834234068316143,leakyrelu,64,0.164321584005592,13,4.0,0.12311093271679248,216,,37,0.8783676330820707,,,4,0.007134708925240519,2,huber,recon+kl,0.3655154497899419,True,0.0,,,,,leakyrelu,64,0.164321584005592,13,4.0,4.0,-4.0,0.12311093271679248,8,482,4,216,,"[216, 189]",,37,0.875,,,4,0.007134708925240519,120,2,sgd,huber,120,recon+kl,,,,,0.3655154497899419,True,,,,,,,0.0,PRUNED
19,0.7996081350046382,gelu,128,0.3148583799889267,13,4.0,0.19337267817247483,439,1.0,69,,,,2,0.0024239242245619745,1,mse,recon,0.13307361453024602,True,1e-06,,,,,gelu,128,0.3148583799889267,13,4.0,4.0,-4.0,0.19337267817247483,8,242,2,439,1.0,[439],,69,,,,2,0.0024239242245619745,120,1,sgd,mse,120,recon,,,,,0.13307361453024602,True,,,,,,,1e-06,PRUNED
20,0.8473038840388679,leakyrelu,256,0.198519411328751,8,3.0,0.048685210770917635,329,2.0,9,0.6910516908977625,,,4,0.012729730356265215,2,mse,recon,0.3728129581240791,True,1e-06,0.8329365912678923,0.839623601208789,0.8500434385002287,0.854984166868947,leakyrelu,256,0.198519411328751,8,3.0,3.0,-3.0,0.048685210770917635,8,480,4,329,2.0,"[329, 227]","[42, 43, 44, 45]",9,0.6899696048632219,,,4,0.012729730356265215,120,2,sgd,mse,120,recon,0.8473038840388679,0.0010804792790190005,0.8414900148840605,0.8329365912678923,0.3728129581240791,True,0.8478982585790332,11.0,0.794336022248942,0.7765725199269533,7290.0,5832.0,1e-06,COMPLETE
21,0.9307081110015034,leakyrelu,64,0.38142629665375993,10,4.0,0.04093240464296213,468,2.0,73,,,,8,0.010582973555379675,1,mse,recon,0.813223599743917,True,1e-05,0.9494103014257463,0.9480677300020134,0.9095795488116272,0.9133484920009936,leakyrelu,64,0.38142629665375993,10,4.0,4.0,-4.0,0.04093240464296213,8,963,8,468,2.0,[468],"[42, 43, 44, 45]",73,,,,8,0.010582973555379675,120,1,sgd,mse,120,recon,0.9307081110015034,0.002809191970549295,0.9294949251186868,0.9095795488116272,0.813223599743917,True,0.9317045615717456,9.25,0.5164659764677547,0.5051678625896383,7290.0,5832.0,1e-05,COMPLETE
22,0.9200688846457086,leakyrelu,64,0.4253398869161704,8,4.0,0.04460353853348737,499,2.0,83,,,,8,0.00597377688621143,1,mse,recon,0.7857283291951476,True,1e-05,0.9385300626033746,0.9408924567825968,0.8973758328770267,0.8992453125088204,leakyrelu,64,0.4253398869161704,8,4.0,4.0,-4.0,0.04460353853348737,8,963,8,499,2.0,[499],"[42, 43, 44, 45]",83,,,,8,0.00597377688621143,120,1,sgd,mse,120,recon,0.9200688846457086,0.0030776312522311344,0.9179529477402006,0.8973758328770267,0.7857283291951476,True,0.9201895471463437,10.0,0.5268519271189088,0.5155880132978072,7290.0,5832.0,1e-05,COMPLETE
23,0.9359210382714168,leakyrelu,64,0.2401856651493486,13,4.0,0.11120556161897391,708,2.0,42,,,,6,0.010471659990837618,1,mse,recon,0.704667127799012,True,1e-05,0.9543986444403048,0.95233885617124,0.9174514856776199,0.9195032203715936,leakyrelu,64,0.2401856651493486,13,4.0,4.0,-4.0,0.11120556161897391,8,722,6,708,2.0,[708],"[42, 43, 44, 45]",42,,,,6,0.010471659990837618,120,1,sgd,mse,120,recon,0.9359210382714168,0.00287562697787201,0.9359250650589623,0.9174514856776199,0.704667127799012,True,0.9363463485951404,10.0,0.49270013040017613,0.4889541183781455,7290.0,5832.0,1e-05,COMPLETE
24,0.9313161276957367,leakyrelu,64,0.12345128579428231,14,4.0,0.11589312512636483,691,2.0,63,,,,7,0.003324831468500563,1,mse,recon,0.6757394942124972,True,1e-05,0.953840313412025,0.9545238353128569,0.9042730143139126,0.9081084200786165,leakyrelu,64,0.12345128579428231,14,4.0,4.0,-4.0,0.11589312512636483,8,843,7,691,2.0,[691],"[42, 43, 44, 45]",63,,,,7,0.003324831468500563,120,1,sgd,mse,120,recon,0.9313161276957367,0.0042931669978577116,0.9290566638629688,0.9042730143139126,0.6757394942124972,True,0.9317957126237908,14.5,0.45035364226696845,0.44568070585445985,7290.0,5832.0,1e-05,COMPLETE
25,0.9272136835274283,leakyrelu,64,0.11353114231384119,14,4.0,0.11811884550928806,677,2.0,44,,,,6,0.0036532842079370184,1,mse,recon,0.6813067062621038,True,1e-05,0.9512880357367985,0.9495543719810854,0.9023815908068817,0.9048729950737712,leakyrelu,64,0.11353114231384119,14,4.0,4.0,-4.0,0.11811884550928806,8,722,6,677,2.0,[677],"[42, 43, 44, 45]",44,,,,6,0.0036532842079370184,120,1,sgd,mse,120,recon,0.9272136835274283,0.003752352247002473,0.9268348132718401,0.9023815908068817,0.6813067062621038,True,0.9293291435455676,14.75,0.4729250283662721,0.4689390202769451,7290.0,5832.0,1e-05,COMPLETE
26,0.6145983573435245,leakyrelu,64,0.13851815589602978,14,4.0,0.20903785828522498,877,2.0,27,,,,7,0.0007747628578984188,1,huber,recon+kl,0.6547143133620766,False,1e-05,,,,,leakyrelu,64,0.13851815589602978,14,4.0,4.0,-4.0,0.20903785828522498,8,843,7,877,2.0,[877],,27,,,,7,0.0007747628578984188,120,1,sgd,huber,120,recon+kl,,,,,0.6547143133620766,False,,,,,,,1e-05,PRUNED
27,0.914578711465619,gelu,64,0.20382543523506141,14,4.0,0.13435793093656692,669,1.0,64,,,,6,0.002630629568409325,1,mse,recon,0.7237969506244696,True,1e-05,0.9317989767443611,0.9335581966060202,0.8936947375155473,0.8955992263252177,gelu,64,0.20382543523506141,14,4.0,4.0,-4.0,0.13435793093656692,8,722,6,669,1.0,[669],"[42, 43, 44, 45]",64,,,,6,0.002630629568409325,120,1,sgd,mse,120,recon,0.914578711465619,0.009741460075739833,0.9127468571299542,0.8936947375155473,0.7237969506244696,True,0.9168185311845529,15.5,0.4927398337727048,0.48403125593904117,7290.0,5832.0,1e-05,COMPLETE
28,0.9528752442063183,relu,256,0.1215599171301252,11,3.0,0.17889716880904735,1011,,62,0.504820232371944,,,7,0.019898661828412705,2,mse,recon,0.6201794904970356,True,1e-05,0.9686104948620826,0.9693046829281142,0.9352861277169056,0.9364458054845224,relu,256,0.1215599171301252,11,3.0,3.0,-3.0,0.17889716880904735,8,840,7,1011,,"[1011, 510]","[42, 43, 44, 45]",62,0.5044510385756676,,,7,0.019898661828412705,120,2,sgd,mse,120,recon,0.9528752442063183,0.001534745881107747,0.9519483112894941,0.9352861277169056,0.6201794904970356,True,0.9538729222764145,71.75,0.7035312198343748,0.6842627815223139,7290.0,5832.0,1e-05,COMPLETE
29,0.9489467081011815,relu,256,0.1887071661163333,11,3.0,0.1769200447196948,980,,82,0.5728347000007676,,,6,0.01755741815124198,2,mse,recon,0.6097386653139412,False,0.0001,0.9672367581725911,0.9677183709010032,0.9290125056215084,0.9301750453013599,relu,256,0.1887071661163333,11,3.0,3.0,-3.0,0.1769200447196948,8,720,6,980,,"[980, 561]","[42, 43, 44, 45]",82,0.5724489795918367,,,6,0.01755741815124198,120,2,sgd,mse,120,recon,0.9489467081011815,0.003673719965941345,0.9481246318970498,0.9290125056215084,0.6097386653139412,False,0.950191922174804,103.0,0.6961911858512986,0.6781378365613492,7290.0,5832.0,0.0001,COMPLETE
30,0.8539592118410133,relu,256,0.1847159658407269,9,3.0,0.29764729950197666,992,,102,0.5231937143322801,,,7,0.0189711490436094,2,mse,recon,0.4340744024266756,False,0.0001,,,,,relu,256,0.1847159658407269,9,3.0,3.0,-3.0,0.29764729950197666,8,840,7,992,,"[992, 519]",,102,0.5231854838709677,,,7,0.0189711490436094,120,2,sgd,mse,120,recon,,,,,0.4340744024266756,False,,,,,,,0.0001,PRUNED
31,0.8646950578709585,relu,256,0.2281646756148432,11,3.0,0.17709226257247787,1009,,81,0.5598968443506729,,,6,0.013836406662172757,2,mse,recon,0.6140270465322565,False,0.0001,,,,,relu,256,0.2281646756148432,11,3.0,3.0,-3.0,0.17709226257247787,8,720,6,1009,,"[1009, 564]",,81,0.5589692765113974,,,6,0.013836406662172757,120,2,sgd,mse,120,recon,,,,,0.6140270465322565,False,,,,,,,0.0001,PRUNED
32,0.8406960685664071,relu,256,0.1657860743328604,13,3.0,0.22116296445726158,851,,94,0.6914309353814663,0.9730029932970814,,6,0.005416369472706184,3,mse,recon,0.8714124734851966,False,0.0001,,,,,relu,256,0.1657860743328604,13,3.0,3.0,-3.0,0.22116296445726158,8,720,6,851,,"[851, 588, 572]",,94,0.690951821386604,0.9727891156462585,,6,0.005416369472706184,120,3,sgd,mse,120,recon,,,,,0.8714124734851966,False,,,,,,,0.0001,PRUNED
33,0.8670256611270113,relu,256,0.13287099251175685,11,3.0,0.17296498096663723,773,,45,0.5591187336634097,,,5,0.013012997988203536,2,mse,recon,0.7428206755110571,False,0.0001,,,,,relu,256,0.13287099251175685,11,3.0,3.0,-3.0,0.17296498096663723,8,600,5,773,,"[773, 432]",,45,0.5588615782664942,,,5,0.013012997988203536,120,2,sgd,mse,120,recon,,,,,0.7428206755110571,False,,,,,,,0.0001,PRUNED
34,0.9511113563170699,relu,256,0.16420724337450032,11,3.0,0.2387853279047947,941,,103,0.6101571517564802,,,7,0.01691652160862575,2,mse,recon,0.6056221166310268,False,1e-08,0.9696284253567188,0.9686304841459352,0.9329152436488717,0.9335922284882047,relu,256,0.16420724337450032,11,3.0,3.0,-3.0,0.2387853279047947,8,840,7,941,,"[941, 574]","[42, 43, 44, 45]",103,0.6099893730074389,,,7,0.01691652160862575,120,2,sgd,mse,120,recon,0.9511113563170699,0.002168809139462764,0.9512718345027953,0.9329152436488717,0.6056221166310268,False,0.9523851189501751,96.0,0.7056788147696547,0.6906913232136774,7290.0,5832.0,1e-08,COMPLETE
35,0.7246697246260638,relu,256,0.15726884337218858,6,3.0,0.2523304545488325,927,,97,0.6090703807058989,0.9482065879928951,,7,0.01971084133746584,3,mse,recon+kl,0.4868347139052772,False,1e-08,,,,,relu,256,0.15726884337218858,6,3.0,3.0,-3.0,0.2523304545488325,8,840,7,927,,"[927, 564, 534]",,97,0.6084142394822006,0.9468085106382979,,7,0.01971084133746584,120,3,sgd,mse,120,recon+kl,,,,,0.4868347139052772,False,,,,,,,1e-08,PRUNED
36,0.8250199692910408,relu,256,0.17220578709703305,9,3.0,0.29020932497819607,948,,100,0.5559170856439187,,,8,0.0071675510982156035,2,huber,recon,0.5538607501536629,False,1e-08,,,,,relu,256,0.17220578709703305,9,3.0,3.0,-3.0,0.29020932497819607,8,960,8,948,,"[948, 527]",,100,0.5559071729957806,,,8,0.0071675510982156035,120,2,sgd,huber,120,recon,,,,,0.5538607501536629,False,,,,,,,1e-08,PRUNED
37,0.7587772854841836,relu,256,0.11281870798081357,7,6.0,0.35042262891312326,856,,107,0.6723627661796006,,,7,0.0158507387530859,2,mse,recon+kl,0.6170079673929666,False,1e-08,,,,,relu,256,0.11281870798081357,7,6.0,6.0,-6.0,0.35042262891312326,8,840,7,856,,"[856, 575]",,107,0.6717289719626168,,,7,0.0158507387530859,120,2,sgd,mse,120,recon+kl,,,,,0.6170079673929666,False,,,,,,,1e-08,PRUNED
38,0.837404457879614,relu,256,0.29340685976789094,5,3.0,0.2460272724804268,1016,,81,0.6304868044372273,0.8444092326725736,,5,0.012464410962757402,3,mse,recon,0.43560259115944533,False,0.0,,,,,relu,256,0.29340685976789094,5,3.0,3.0,-3.0,0.2460272724804268,8,600,5,1016,,"[1016, 640, 540]",,81,0.6299212598425197,0.84375,,5,0.012464410962757402,120,3,sgd,mse,120,recon,,,,,0.43560259115944533,False,,,,,,,0.0,PRUNED
39,0.5537230967313398,relu,512,0.14284799586041896,11,3.0,0.2786099106861478,793,5.0,109,0.5385703758703855,0.8634088567738926,0.5246030653019915,8,0.008123235452512778,4,huber,recon,0.6067548858634154,False,1e-08,,,,,relu,512,0.14284799586041896,11,3.0,3.0,-3.0,0.2786099106861478,8,960,8,793,5.0,"[793, 427, 368, 193]",,109,0.5384615384615384,0.8618266978922716,0.5244565217391305,8,0.008123235452512778,120,4,sgd,huber,120,recon,,,,,0.6067548858634154,False,,,,,,,1e-08,PRUNED
40,0.8901509204455433,elu,128,0.10073544883729232,11,5.0,0.19825429012612272,939,,89,0.7275749516822336,,,4,0.016556832365375012,2,mse,recon,0.5191851032701996,False,0.0001,0.9263585139272281,0.92745884538453,0.8476245810917862,0.8528429955065566,elu,128,0.10073544883729232,11,5.0,5.0,-5.0,0.19825429012612272,8,483,4,939,,"[939, 683]","[42, 43, 44, 45]",89,0.7273695420660277,,,4,0.016556832365375012,120,2,sgd,mse,120,recon,0.8901509204455433,0.006559336508778885,0.8869915475095071,0.8476245810917862,0.5191851032701996,False,0.8905310631848126,22.25,0.45680106540519083,0.44835528838102445,7290.0,5832.0,0.0001,COMPLETE
41,0.9334007017594615,relu,256,0.22728402054879351,13,6.0,0.15338438793430856,617,,28,0.5967422275127079,,,6,0.011442826474777765,2,mse,recon,0.8507216287035733,False,1e-10,0.9555814474231382,0.9567368778942535,0.9053337717639399,0.9100645256246696,relu,256,0.22728402054879351,13,6.0,6.0,-6.0,0.15338438793430856,8,720,6,617,,"[617, 368]","[42, 43, 44, 45]",28,0.5964343598055105,,,6,0.011442826474777765,120,2,sgd,mse,120,recon,0.9334007017594615,0.007619407912492154,0.9304576095935391,0.9053337717639399,0.8507216287035733,False,0.934386354741166,74.0,0.7341554189458472,0.7172136994040731,7290.0,5832.0,1e-10,COMPLETE
42,0.8440399839775253,relu,256,0.3450119539308801,9,3.0,0.21972622046538667,911,5.0,58,0.584751889205742,,,5,0.016157007596048052,2,mse,recon,0.5812903815245097,True,1e-05,,,,,relu,256,0.3450119539308801,9,3.0,3.0,-3.0,0.21972622046538667,8,600,5,911,5.0,"[911, 532]",,58,0.58397365532382,,,5,0.016157007596048052,120,2,sgd,mse,120,recon,,,,,0.5812903815245097,True,,,,,,,1e-05,PRUNED
43,0.9115962175834194,relu,512,0.24285575714756993,12,3.0,0.09797164296403975,746,,50,,,,6,0.019384806362089935,1,mse,recon,0.7449545595158242,False,1e-08,0.9462335423875838,0.9482206603131862,0.8774716854740225,0.8749717748536526,relu,512,0.24285575714756993,12,3.0,3.0,-3.0,0.09797164296403975,8,720,6,746,,[746],"[42, 43, 44, 45]",50,,,,6,0.019384806362089935,120,1,sgd,mse,120,recon,0.9115962175834194,0.007735454745370477,0.9118526139308032,0.8774716854740225,0.7449545595158242,False,0.9124375548038259,19.75,0.6294540598109668,0.6164718014323322,7290.0,5832.0,1e-08,COMPLETE
44,0.8272537838160774,elu,128,0.17914476738053725,15,5.0,0.1842957042557861,140,,115,0.5032145995945113,0.8842687608715869,,7,0.009053314717991487,3,mse,recon,0.5144829092780032,True,1e-10,,,,,elu,128,0.17914476738053725,15,5.0,5.0,-5.0,0.1842957042557861,8,845,7,140,,"[140, 70, 61]",,115,0.5,0.8714285714285714,,7,0.009053314717991487,120,3,sgd,mse,120,recon,,,,,0.5144829092780032,True,,,,,,,1e-10,PRUNED
45,0.8246797974751666,relu,256,1.048313817025201,0,3.0,0.15984053802737794,969,1.0,127,0.7347911090781492,,,6,0.014238173931385066,2,mse,recon,0.6469085700414533,True,1e-05,,,,,relu,256,1.048313817025201,0,3.0,3.0,-3.0,0.15984053802737794,8,720,6,969,1.0,"[969, 712]",,127,0.7347781217750258,,,6,0.014238173931385066,120,2,sgd,mse,120,recon,,,,,0.6469085700414533,True,,,,,,,1e-05,PRUNED
46,0.7548602525962431,relu,256,0.15018642556475598,3,6.0,0.23327502957941992,837,5.0,75,,,,5,0.006355430275177707,1,mse,recon+kl,0.8682321473148079,False,0.0001,,,,,relu,256,0.15018642556475598,3,6.0,6.0,-6.0,0.23327502957941992,8,600,5,837,5.0,[837],,75,,,,5,0.006355430275177707,120,1,sgd,mse,120,recon+kl,,,,,0.8682321473148079,False,,,,,,,0.0001,PRUNED
47,0.7097234805933301,elu,512,0.12015060905973228,13,8.0,0.06822135208223112,892,,60,0.5752283192922462,,,7,0.0044487878954496,2,huber,recon,0.4502593537042738,True,1e-10,,,,,elu,512,0.12015060905973228,13,8.0,8.0,-8.0,0.06822135208223112,8,840,7,892,,"[892, 513]",,60,0.5751121076233184,,,7,0.0044487878954496,120,2,sgd,huber,120,recon,,,,,0.4502593537042738,True,,,,,,,1e-10,PRUNED
48,0.8628404599475765,gelu,256,0.2882108298897861,12,3.0,0.2676656966973794,814,,20,,,,2,0.010744523329917025,1,mse,recon,0.7192798681207839,True,0.0,,,,,gelu,256,0.2882108298897861,12,3.0,3.0,-3.0,0.2676656966973794,8,240,2,814,,[814],,20,,,,2,0.010744523329917025,120,1,sgd,mse,120,recon,,,,,0.7192798681207839,True,,,,,,,0.0,PRUNED
49,0.95757122498076,relu,128,0.20940510588702266,11,5.0,0.32321889828928635,977,,43,0.6463546243495759,0.5931618635036962,,6,0.017061216852527938,3,mse,recon,0.763019712962526,True,1e-08,0.9728535434789565,0.9729227056719373,0.9381463041052535,0.9422197442895826,relu,128,0.20940510588702266,11,5.0,5.0,-5.0,0.32321889828928635,8,724,6,977,,"[977, 631, 374]","[42, 43, 44, 45]",43,0.6458546571136131,0.5927099841521395,,6,0.017061216852527938,120,3,sgd,mse,120,recon,0.95757122498076,0.004022144132522444,0.9554999237921049,0.9381463041052535,0.763019712962526,True,0.9578918964546395,95.25,0.7703174576293511,0.7533125149358066,7290.0,5832.0,1e-08,COMPLETE
50,0.8399180835690134,relu,128,0.20194183172702143,9,5.0,0.33184878612612134,970,,52,0.629231615443251,0.6022958221366639,,3,0.017660807084083983,3,mse,recon,0.7663528385797527,False,1e-08,,,,,relu,128,0.20194183172702143,9,5.0,5.0,-5.0,0.33184878612612134,8,362,3,970,,"[970, 610, 367]",,52,0.6288659793814433,0.601639344262295,,3,0.017660807084083983,120,3,sgd,mse,120,recon,,,,,0.7663528385797527,False,,,,,,,1e-08,PRUNED
51,0.7968795571850873,relu,128,1.4914658594600976,11,5.0,0.39199887025675983,1014,,44,0.6511628576057745,0.6540928980080324,,6,0.01428597399709743,3,mse,recon,0.7048062313876553,True,1e-08,,,,,relu,128,1.4914658594600976,11,5.0,5.0,-5.0,0.39199887025675983,8,724,6,1014,,"[1014, 660, 431]",,44,0.650887573964497,0.6530303030303031,,6,0.01428597399709743,120,3,sgd,mse,120,recon,,,,,0.7048062313876553,True,,,,,,,1e-08,PRUNED
52,0.8736808272225891,relu,128,0.2667382056593799,12,5.0,0.3177096122029998,896,,34,0.5310175463144171,0.5548046972637063,0.9980441517660227,7,0.019998356840374307,4,mse,recon,0.8331719194338274,True,1e-08,,,,,relu,128,0.2667382056593799,12,5.0,5.0,-5.0,0.3177096122029998,8,845,7,896,,"[896, 475, 263, 262]",,34,0.5301339285714286,0.5536842105263158,0.9961977186311787,7,0.019998356840374307,120,4,sgd,mse,120,recon,,,,,0.8331719194338274,True,,,,,,,1e-08,PRUNED
53,0.9526775432268115,relu,128,0.22199281663476103,10,5.0,0.018094661798273348,951,2.0,29,0.6336996484436109,0.78979759721538,,5,0.012222872848015483,3,mse,recon,0.8974506578095934,True,1e-10,0.9695120530783286,0.9705491472712868,0.9314482604842305,0.9348059391823363,relu,128,0.22199281663476103,10,5.0,5.0,-5.0,0.018094661798273348,8,604,5,951,2.0,"[951, 602, 475]","[42, 43, 44, 45]",29,0.6330178759200841,0.7890365448504983,,5,0.012222872848015483,120,3,sgd,mse,120,recon,0.9526775432268115,0.005382311849728449,0.9504801567812795,0.9314482604842305,0.8974506578095934,True,0.9532083891367998,40.75,0.7481530499152305,0.7308093995852785,7290.0,5832.0,1e-10,COMPLETE
54,0.9614965343048429,relu,128,0.21423291606611636,10,5.0,0.33973292053086623,955,1.0,121,0.6417037848982625,0.8126608885366038,,5,0.015782756501171988,3,mse,recon,0.9043267279916486,True,1e-10,0.976293266797255,0.9763086647906353,0.9429530747533593,0.9466844038190505,relu,128,0.21423291606611636,10,5.0,5.0,-5.0,0.33973292053086623,8,604,5,955,1.0,"[955, 612, 497]","[42, 43, 44, 45]",121,0.6408376963350786,0.8120915032679739,,5,0.015782756501171988,120,3,sgd,mse,120,recon,0.9614965343048429,0.00203060448930357,0.9596231707753071,0.9429530747533593,0.9043267279916486,True,0.9617154114944086,60.5,0.7662682216840627,0.7498074662803584,7290.0,5832.0,1e-10,COMPLETE
55,0.8727967921180337,relu,128,0.18376891230146497,10,5.0,0.35962054920033504,974,1.0,125,0.6334389013900559,0.8014665447679152,,5,0.01194177366763066,3,mse,recon,0.8923281685249125,True,1e-10,,,,,relu,128,0.18376891230146497,10,5.0,5.0,-5.0,0.35962054920033504,8,604,5,974,1.0,"[974, 616, 493]",,125,0.6324435318275154,0.8003246753246753,,5,0.01194177366763066,120,3,sgd,mse,120,recon,,,,,0.8923281685249125,True,,,,,,,1e-10,PRUNED
56,0.8694083044966421,relu,128,0.7422875996048828,10,5.0,0.33950707728768553,923,1.0,121,0.664009627376072,0.698528570576855,,4,0.016804769349530638,3,mse,recon,0.9094991093969589,True,1e-10,,,,,relu,128,0.7422875996048828,10,5.0,5.0,-5.0,0.33950707728768553,8,483,4,923,1.0,"[923, 612, 427]",,121,0.6630552546045504,0.6977124183006536,,4,0.016804769349530638,120,3,sgd,mse,120,recon,,,,,0.9094991093969589,True,,,,,,,1e-10,PRUNED
57,0.7343008501884498,relu,128,0.1308012654642191,11,5.0,0.3723672566274034,1023,1.0,113,0.7088889118129128,0.8264871077181282,,5,0.009165391119989555,3,mse,recon+kl,0.8156137241298048,True,1e-10,,,,,relu,128,0.1308012654642191,11,5.0,5.0,-5.0,0.3723672566274034,8,604,5,1023,1.0,"[1023, 725, 599]",,113,0.7086999022482894,0.8262068965517242,,5,0.009165391119989555,120,3,sgd,mse,120,recon+kl,,,,,0.8156137241298048,True,,,,,,,1e-10,PRUNED
58,0.536197221328426,relu,128,0.21439020275149168,8,5.0,0.3108566340139083,958,1.0,8,0.6171117348661413,0.9171693605225746,,5,0.0003216779976963689,3,huber,recon,0.771847967479866,True,1e-08,,,,,relu,128,0.21439020275149168,8,5.0,5.0,-5.0,0.3108566340139083,8,604,5,958,1.0,"[958, 591, 542]",,8,0.6169102296450939,0.9170896785109983,,5,0.0003216779976963689,120,3,sgd,huber,120,recon,,,,,0.771847967479866,True,,,,,,,1e-08,PRUNED
59,0.7711314026392393,relu,128,0.1524886872322919,9,5.0,0.37624469649983433,877,,88,0.5934026553502432,0.7528940535007947,0.5021787660968757,6,0.0015810867196381707,4,mse,recon,0.9421027900971701,True,1e-10,,,,,relu,128,0.1524886872322919,9,5.0,5.0,-5.0,0.37624469649983433,8,724,6,877,,"[877, 520, 391, 196]",,88,0.5929304446978335,0.7519230769230769,0.5012787723785166,6,0.0015810867196381707,120,4,sgd,mse,120,recon,,,,,0.9421027900971701,True,,,,,,,1e-10,PRUNED
60,0.8553323946120077,relu,128,0.4535579087014643,10,5.0,0.14068071973322693,828,1.0,120,0.6490903528582226,0.7994979852606479,,5,0.014204807331624884,3,mse,recon,0.5717505520611921,True,1e-10,,,,,relu,128,0.4535579087014643,10,5.0,5.0,-5.0,0.14068071973322693,8,604,5,828,1.0,"[828, 537, 429]",,120,0.6485507246376812,0.7988826815642458,,5,0.014204807331624884,120,3,sgd,mse,120,recon,,,,,0.5717505520611921,True,,,,,,,1e-10,PRUNED
61,0.9532575920351459,relu,128,0.25599360936226107,7,8.0,0.012675972503449762,981,2.0,33,0.5754687759331399,0.7102491046418247,,4,0.016543314044870958,3,mse,recon,0.8959861384068684,True,1e-10,0.9660701187902326,0.9659441558423232,0.9357540159679061,0.940571028227969,relu,128,0.25599360936226107,7,8.0,8.0,-8.0,0.012675972503449762,8,483,4,981,2.0,"[981, 564, 400]","[42, 43, 44, 45]",33,0.5749235474006116,0.7092198581560284,,4,0.016543314044870958,120,3,sgd,mse,120,recon,0.9532575920351459,0.008693088261579069,0.9509120673790694,0.9357540159679061,0.8959861384068684,True,0.9541948947531335,41.0,0.740644389499493,0.7246046450828973,7290.0,5832.0,1e-10,COMPLETE
62,0.9578634802005304,relu,128,0.1888012189190979,6,8.0,0.027007151162161243,986,2.0,30,0.5788367787683882,0.7095200584862181,,4,0.016265725905753963,3,mse,recon,0.8770951896243088,True,1e-10,0.9732881919159416,0.9738502398431812,0.9365937987471799,0.9418767205578794,relu,128,0.1888012189190979,6,8.0,8.0,-8.0,0.027007151162161243,8,483,4,986,2.0,"[986, 570, 404]","[42, 43, 44, 45]",30,0.5780933062880325,0.7087719298245614,,4,0.016265725905753963,120,3,sgd,mse,120,recon,0.9578634802005304,0.003966148069657009,0.9549409953315607,0.9365937987471799,0.8770951896243088,True,0.959138462983191,57.75,0.7402507710169143,0.7246380889411994,7290.0,5832.0,1e-10,COMPLETE
63,0.9605023990786371,relu,128,0.22508806829545625,6,8.0,0.025168769881097598,932,2.0,29,0.6078978909450528,0.7095265598476099,,4,0.012808419249106298,3,mse,recon,0.9045987770363119,True,1e-10,0.9706374555218735,0.9712497777269725,0.9455601656627923,0.9497550204303018,relu,128,0.22508806829545625,6,8.0,8.0,-8.0,0.025168769881097598,8,483,4,932,2.0,"[932, 566, 401]","[42, 43, 44, 45]",29,0.6072961373390557,0.7084805653710248,,4,0.012808419249106298,120,3,sgd,mse,120,recon,0.9605023990786371,0.005955431635136667,0.9580988105923329,0.9455601656627923,0.9045987770363119,True,0.960902556680798,47.75,0.7525611309627973,0.736184422988629,7290.0,5832.0,1e-10,COMPLETE
64,0.8215479822783714,relu,128,0.3343617428494709,6,8.0,0.025280988443583053,993,2.0,29,0.5421366706658838,0.6998105312673332,,4,0.0008083704942289822,3,mse,recon,0.9065761808798761,True,1e-10,,,,,relu,128,0.3343617428494709,6,8.0,8.0,-8.0,0.025280988443583053,8,483,4,993,2.0,"[993, 538, 376]",,29,0.5417925478348439,0.6988847583643123,,4,0.0008083704942289822,120,3,sgd,mse,120,recon,,,,,0.9065761808798761,True,,,,,,,1e-10,PRUNED
65,0.9513706748491366,relu,128,0.2509265050964227,6,8.0,0.020044649452700035,897,2.0,16,0.6779585121189006,0.7377974694488288,,4,0.011957971678539904,3,mse,recon,0.8710277462187781,True,1e-10,0.9601003309868827,0.960772426995659,0.9371932726304519,0.9419689227026143,relu,128,0.2509265050964227,6,8.0,8.0,-8.0,0.020044649452700035,8,483,4,897,2.0,"[897, 608, 448]","[42, 43, 44, 45]",16,0.6778149386845039,0.7368421052631579,,4,0.011957971678539904,120,3,sgd,mse,120,recon,0.9513706748491366,0.004289082329110153,0.9486468018086673,0.9371932726304519,0.8710277462187781,True,0.9533205767432322,59.25,0.7539394119008507,0.7357339525930442,7290.0,5832.0,1e-10,COMPLETE
66,0.9548462194062934,gelu,128,0.309580495914425,4,8.0,0.07231888074811109,925,2.0,23,0.511191312204817,0.6605333503935245,,4,0.008359351284360644,3,mse,recon,0.8416349184866002,True,1e-10,0.9666066035552394,0.9665551420571614,0.9396857788540968,0.9431372967554253,gelu,128,0.309580495914425,4,8.0,8.0,-8.0,0.07231888074811109,8,483,4,925,2.0,"[925, 472, 311]","[42, 43, 44, 45]",23,0.5102702702702703,0.6588983050847458,,4,0.008359351284360644,120,3,sgd,mse,120,recon,0.9548462194062934,0.0030404094203455405,0.9531461912046681,0.9396857788540968,0.8416349184866002,True,0.9553270318342018,76.25,0.7515931401604318,0.7301054320940612,7290.0,5832.0,1e-10,COMPLETE
67,0.8816794808831084,gelu,128,0.39147319611312253,4,8.0,0.0775156738875342,864,2.0,16,0.5095278530591143,0.6580147917987005,,4,0.00847361345439094,3,mse,recon,0.800247748924746,True,1e-10,,,,,gelu,128,0.39147319611312253,4,8.0,8.0,-8.0,0.0775156738875342,8,483,4,864,2.0,"[864, 440, 289]",,16,0.5092592592592593,0.6568181818181819,,4,0.00847361345439094,120,3,sgd,mse,120,recon,,,,,0.800247748924746,True,,,,,,,1e-10,PRUNED
68,0.956296727317802,gelu,128,0.2943756142615281,4,8.0,0.02861226252249935,917,2.0,23,0.5180466273245098,0.6734256447126876,,3,0.014530954522605995,3,mse,recon,0.8317454147263657,True,1e-10,0.9637068837368589,0.9644847393689986,0.9423102752704439,0.9481087152666052,gelu,128,0.2943756142615281,4,8.0,8.0,-8.0,0.02861226252249935,8,362,3,917,2.0,"[917, 475, 319]","[42, 43, 44, 45]",23,0.5179934569247546,0.671578947368421,,3,0.014530954522605995,120,3,sgd,mse,120,recon,0.956296727317802,0.0034788375751019143,0.9530085795036514,0.9423102752704439,0.8317454147263657,True,0.9568333873139258,61.25,0.7612879134278312,0.73909880165437,7290.0,5832.0,1e-10,COMPLETE
69,0.8845719115574447,gelu,128,0.30798890509234983,4,8.0,0.029264921932346373,922,2.0,24,0.8092354079138545,0.6740637042510618,,3,0.007119858730559214,3,mse,recon,0.8446253077274757,True,1e-10,,,,,gelu,128,0.30798890509234983,4,8.0,8.0,-8.0,0.029264921932346373,8,362,3,922,2.0,"[922, 746, 502]",,24,0.8091106290672451,0.6729222520107239,,3,0.007119858730559214,120,3,sgd,mse,120,recon,,,,,0.8446253077274757,True,,,,,,,1e-10,PRUNED
70,0.8642236097233746,gelu,128,0.2711292406012222,4,8.0,0.058427312577951356,797,2.0,22,0.5272592973775021,0.6079963426650369,,3,0.009756082532611492,3,mse,recon+kl,0.9470073381147872,True,1e-10,,,,,gelu,128,0.2711292406012222,4,8.0,8.0,-8.0,0.058427312577951356,8,362,3,797,2.0,"[797, 420, 255]",,22,0.5269761606022585,0.6071428571428571,,3,0.009756082532611492,120,3,sgd,mse,120,recon+kl,,,,,0.9470073381147872,True,,,,,,,1e-10,PRUNED
71,0.9618597419563037,gelu,128,0.24346623567382966,2,8.0,0.0009540962083770255,988,2.0,31,0.5510554594873387,0.7233255232044246,,4,0.014725031375127614,3,mse,recon,0.8227210991450495,True,1e-10,0.9697211920043806,0.9697178285077742,0.9493441887246186,0.9540016554048333,gelu,128,0.24346623567382966,2,8.0,8.0,-8.0,0.0009540962083770255,8,483,4,988,2.0,"[988, 544, 393]","[42, 43, 44, 45]",31,0.5506072874493927,0.7224264705882353,,4,0.014725031375127614,120,3,sgd,mse,120,recon,0.9618597419563037,0.0016236994612184676,0.9595326903644996,0.9493441887246186,0.8227210991450495,True,0.9619642338001773,56.25,0.7527564395671391,0.7357280723542219,7290.0,5832.0,1e-10,COMPLETE
72,0.8892142425029307,gelu,128,0.31390817087582257,2,8.0,0.0005062177064354631,980,2.0,31,0.5504364363706007,0.7159364633790463,,4,0.014800748162056135,3,mse,recon,0.8219644460317495,True,1e-10,,,,,gelu,128,0.31390817087582257,2,8.0,8.0,-8.0,0.0005062177064354631,8,483,4,980,2.0,"[980, 539, 385]",,31,0.55,0.7142857142857143,,4,0.014800748162056135,120,3,sgd,mse,120,recon,,,,,0.8219644460317495,True,,,,,,,1e-10,PRUNED
73,0.9509370660383749,gelu,128,0.24631635443451272,5,8.0,0.03305523103051393,912,2.0,12,0.575769916907944,0.6798629891681951,,4,0.010089861558219785,3,mse,recon,0.8760629846385003,True,1e-10,0.9585811218931171,0.9606968953279855,0.9362367130123569,0.9411772367487643,gelu,128,0.24631635443451272,5,8.0,8.0,-8.0,0.03305523103051393,8,483,4,912,2.0,"[912, 525, 356]","[42, 43, 44, 45]",12,0.5756578947368421,0.6780952380952381,,4,0.010089861558219785,120,3,sgd,mse,120,recon,0.9509370660383749,0.004375685923534297,0.9474089174527369,0.9362367130123569,0.8760629846385003,True,0.9516034000011291,41.5,0.7553032603807384,0.734030123993068,7290.0,5832.0,1e-10,COMPLETE
74,0.8800467737716888,gelu,128,0.4323231624560177,2,8.0,0.010947854044761951,948,2.0,39,0.5201889421955562,0.7574921151152675,,4,0.014249040495519838,3,mse,recon,0.7851937647316861,True,1e-10,,,,,gelu,128,0.4323231624560177,2,8.0,8.0,-8.0,0.010947854044761951,8,483,4,948,2.0,"[948, 493, 373]",,39,0.520042194092827,0.7565922920892495,,4,0.014249040495519838,120,3,sgd,mse,120,recon,,,,,0.7851937647316861,True,,,,,,,1e-10,PRUNED
75,0.8807548133282904,gelu,128,0.36594154375294885,7,8.0,0.0528346101219196,990,2.0,13,0.5685443396366181,0.6270229162939687,,3,0.01281420071255042,3,mse,recon,0.9204586468519602,True,1e-10,,,,,gelu,128,0.36594154375294885,7,8.0,8.0,-8.0,0.0528346101219196,8,362,3,990,2.0,"[990, 562, 352]",,13,0.5676767676767677,0.6263345195729537,,3,0.01281420071255042,120,3,sgd,mse,120,recon,,,,,0.9204586468519602,True,,,,,,,1e-10,PRUNED
76,0.5285386512801986,gelu,128,0.21872856421916612,2,8.0,0.03977347665680395,372,2.0,25,0.5890792734162256,0.7192174035848393,0.999953362424203,4,0.011135029926223663,4,huber,recon,0.8424706727707044,True,1e-10,,,,,gelu,128,0.21872856421916612,2,8.0,8.0,-8.0,0.03977347665680395,8,483,4,372,2.0,"[372, 219, 157, 156]",,25,0.5887096774193549,0.7168949771689498,0.9936305732484076,4,0.011135029926223663,120,4,sgd,huber,120,recon,,,,,0.8424706727707044,True,,,,,,,1e-10,PRUNED
77,0.9001925307795221,gelu,128,0.26353584051805284,3,8.0,0.010256823339001034,870,2.0,20,0.5483659328693519,0.6840056629865667,,3,0.01777004348962505,3,mse,recon,0.8870448023153222,True,1e-06,,,,,gelu,128,0.26353584051805284,3,8.0,8.0,-8.0,0.010256823339001034,8,362,3,870,2.0,"[870, 477, 326]",,20,0.5482758620689655,0.6834381551362684,,3,0.01777004348962505,120,3,sgd,mse,120,recon,,,,,0.8870448023153222,True,,,,,,,1e-06,PRUNED
78,0.8863170782363423,gelu,128,0.20321707875688785,7,8.0,0.06503933717104608,990,2.0,32,0.6092149704652603,0.7138428159408465,,2,0.015371077256690938,3,mse,recon,0.7486076952738293,True,1e-10,,,,,gelu,128,0.20321707875688785,7,8.0,8.0,-8.0,0.06503933717104608,8,242,2,990,2.0,"[990, 603, 430]",,32,0.6090909090909091,0.7131011608623549,,2,0.015371077256690938,120,3,sgd,mse,120,recon,,,,,0.7486076952738293,True,,,,,,,1e-10,PRUNED
79,0.8804102313332994,gelu,128,0.5317121623816355,6,8.0,0.08892260431383962,931,2.0,38,0.5222899775526241,0.565671869638702,,4,0.013683335176982923,3,mse,recon,0.8533805427602942,True,1e-10,,,,,gelu,128,0.5317121623816355,6,8.0,8.0,-8.0,0.08892260431383962,8,483,4,931,2.0,"[931, 486, 274]",,38,0.5220193340494093,0.5637860082304527,,4,0.013683335176982923,120,3,sgd,mse,120,recon,,,,,0.8533805427602942,True,,,,,,,1e-10,PRUNED
