number,values_0,params_activation,params_batch_size,params_beta,params_beta_warmup_rounds,params_clip_abs,params_dropout,params_first_layer,params_grad_clip,params_latent_dim,params_layer_1_dropoff,params_layer_2_dropoff,params_layer_3_dropoff,params_local_epochs,params_lr,params_n_layers,params_recon_type,params_score_type,params_server_beta1,params_server_beta2,params_server_lr,params_server_tau,params_sgd_momentum,params_sgd_nesterov,params_weight_decay,user_attrs_NF-BoT-IoT-v3__test_auroc,user_attrs_NF-BoT-IoT-v3__val_auroc,user_attrs_NF-CICIDS2018-v3__test_auroc,user_attrs_NF-CICIDS2018-v3__val_auroc,user_attrs_NF-ToN-IoT-v3__test_auroc,user_attrs_NF-ToN-IoT-v3__val_auroc,user_attrs_activation,user_attrs_aggregation_method,user_attrs_batch_size,user_attrs_beta,user_attrs_beta_warmup_rounds,user_attrs_clip_abs,user_attrs_clip_max,user_attrs_clip_min,user_attrs_dropout,user_attrs_early_stop_patience,user_attrs_first_layer,user_attrs_grad_clip,user_attrs_hidden_dims,user_attrs_hpo_seeds,user_attrs_latent_dim,user_attrs_layer_1_dropoff,user_attrs_layer_2_dropoff,user_attrs_layer_3_dropoff,user_attrs_local_epochs,user_attrs_lr,user_attrs_n_layers,user_attrs_optimizer,user_attrs_recon_type,user_attrs_rounds,user_attrs_score_type,user_attrs_seed_seen_obj_mean,user_attrs_seed_seen_obj_std,user_attrs_seed_unseen_val_obj_mean,user_attrs_seed_unseen_val_obj_std,user_attrs_seen_test_mean,user_attrs_seen_test_min,user_attrs_server_beta1,user_attrs_server_beta2,user_attrs_server_bias_correction,user_attrs_server_lr,user_attrs_server_tau,user_attrs_sgd_momentum,user_attrs_sgd_nesterov,user_attrs_unseen__test_auroc,user_attrs_unseen__val_auroc,user_attrs_unseen_test_auroc,user_attrs_weight_decay,state
0,0.816578577748988,relu,512,0.870804191700653,5,6.0,0.1692425840497844,338,5.0,95,0.6134257267821015,0.7756573845414456,,1,0.004307355413840528,3,mse,recon,0.8817285481820321,0.9803706552988408,0.006483081872184876,0.00015719263179900134,0.8069602043739,False,0.0001,0.8297452586458328,0.8376066498915213,0.7866594786627302,0.7966152551506187,0.8229823818636499,0.8142926496073882,relu,fedadam,512,0.870804191700653,5,6.0,6.0,-6.0,0.1692425840497844,10,338,5.0,"[338, 207, 160]","[42, 43, 44, 45]",95,0.6124260355029586,0.7729468599033816,,1,0.004307355413840528,3,sgd,mse,120,recon,0.816578577748988,0.005853012419205556,0.8142561921266895,0.0024264471600688744,0.8082023686542815,0.7866594786627302,0.8817285481820321,0.9803706552988408,True,0.006483081872184876,0.00015719263179900134,0.8069602043739,False,0.8229823818636499,0.8142926496073882,0.8229823818636499,0.0001,COMPLETE
1,0.6382577849069793,relu,64,0.5556274239180459,1,8.0,0.0482514663961295,304,5.0,82,0.7415171321313522,0.9927798928053525,0.7597425596299047,5,0.00042546253279906115,4,mse,recon+kl,0.8543591463799041,0.9776192018352774,0.012446232584140782,0.000404769467477543,0.7254986993711713,False,1e-06,0.6475465761956642,0.6492130446982827,0.6210108647996673,0.6270118355094921,0.7434116581144473,0.7385126006461677,relu,fedadam,64,0.5556274239180459,1,8.0,8.0,-8.0,0.0482514663961295,2,304,5.0,"[304, 225, 223, 169]","[42, 43, 44, 45]",82,0.7401315789473685,0.9911111111111112,0.757847533632287,5,0.00042546253279906115,4,sgd,mse,120,recon+kl,0.6382577849069793,0.008020047210782111,0.7387406069065051,0.0493701111325442,0.6342787204976658,0.6210108647996673,0.8543591463799041,0.9776192018352774,True,0.012446232584140782,0.000404769467477543,0.7254986993711713,False,0.7434116581144473,0.7385126006461677,0.7434116581144473,1e-06,COMPLETE
2,0.8000338863462736,leakyrelu,256,0.1669485269677149,13,5.0,0.30501912551417354,741,2.0,51,0.9976792410170088,,,1,0.010853370168215953,2,mse,recon+kl,0.9231073035844557,0.9740267253607303,0.011217354980526924,0.00046775979691543104,0.36559592071197305,True,1e-06,0.8229449553195934,0.8246941599584903,0.7681883219397827,0.7744409186532466,0.8027399748984365,0.7962054466064906,leakyrelu,fedadam,256,0.1669485269677149,13,5.0,5.0,-5.0,0.30501912551417354,10,741,2.0,"[741, 739]","[42, 43, 44, 45]",51,0.9973009446693657,,,1,0.010853370168215953,2,sgd,mse,120,recon+kl,0.8000338863462736,0.023902980217334075,0.7950300456682868,0.008794480050699681,0.795566638629688,0.7681883219397827,0.9231073035844557,0.9740267253607303,True,0.011217354980526924,0.00046775979691543104,0.36559592071197305,True,0.8027399748984365,0.7962054466064906,0.8027399748984365,1e-06,COMPLETE
3,0.573162379796158,leakyrelu,512,0.7328565928887313,14,3.0,0.08181714381857108,896,1.0,59,0.9917608046017778,0.5396828951890078,,5,0.0009993966620314018,3,huber,recon,0.9409871659610208,0.9732157799377344,0.013124747754078651,0.0024872007887857053,0.2911462656630794,False,0.0,0.5525089144420547,0.5531268258141544,0.5894446043869404,0.5931989040175674,0.8290150835182081,0.8217149957615238,leakyrelu,fedadam,512,0.7328565928887313,14,3.0,3.0,-3.0,0.08181714381857108,2,896,1.0,"[896, 888, 479]","[42, 43, 44, 45]",59,0.9910714285714286,0.5394144144144144,,5,0.0009993966620314018,3,sgd,huber,120,recon,0.573162379796158,0.003630233291951669,0.8217013830086501,0.0055484018706843784,0.5709767594144975,0.5525089144420547,0.9409871659610208,0.9732157799377344,True,0.013124747754078651,0.0024872007887857053,0.2911462656630794,False,0.8290150835182081,0.8217149957615238,0.8290150835182081,0.0,COMPLETE
4,0.7953980457143879,gelu,512,0.4123575980714199,1,4.0,0.16972274443239677,197,1.0,56,,,,7,0.00033931085505415384,1,mse,recon,0.8681628842673824,0.9780329724876607,0.0034313411986645376,0.0006565218934825244,0.6041053413837884,True,1e-05,0.7872968589175467,0.7923791899053705,0.7923950071597787,0.7976060459909944,0.8286996016491012,0.8194279209733536,gelu,fedadam,512,0.4123575980714199,1,4.0,4.0,-4.0,0.16972274443239677,2,197,1.0,[197],"[42, 43, 44, 45]",56,,,,7,0.00033931085505415384,1,sgd,mse,120,recon,0.7953980457143879,0.011562772061406846,0.8211681041498492,0.004434565366035848,0.7898459330386627,0.7872968589175467,0.8681628842673824,0.9780329724876607,True,0.0034313411986645376,0.0006565218934825244,0.6041053413837884,True,0.8286996016491012,0.8194279209733536,0.8286996016491012,1e-05,COMPLETE
5,0.5830609018686929,elu,128,0.3077000913594334,1,4.0,0.36735898712225323,243,2.0,118,0.7086455304516721,0.9945172536976497,0.6182999058527596,7,0.004163440610914538,4,huber,recon,0.8567448635130052,0.9948258315273698,0.002224602756710979,0.000712859168184597,0.0052681379865593125,True,0.0001,,,,,,,elu,fedadam,128,0.3077000913594334,1,4.0,4.0,-4.0,0.36735898712225323,2,243,2.0,"[243, 172, 171, 105]","[42, 43, 44, 45]",118,0.7078189300411523,0.9941860465116279,0.6140350877192983,7,0.004163440610914538,4,sgd,huber,120,recon,,,,,,,0.8567448635130052,0.9948258315273698,True,0.002224602756710979,0.000712859168184597,0.0052681379865593125,True,,,,0.0001,PRUNED
6,0.7012323569314374,elu,256,0.8414544804704812,15,4.0,0.042178346442180326,423,5.0,33,,,,7,0.00032101118562083083,1,huber,recon+kl,0.8584822277445233,0.9756374602612505,0.008675259861152694,0.0001030732107016105,0.1206101294841633,False,0.0001,0.6819784322248377,0.6825627603769752,0.7136516941673676,0.7221257863055354,0.80127190036147,0.7922482810885875,elu,fedadam,256,0.8414544804704812,15,4.0,4.0,-4.0,0.042178346442180326,2,423,5.0,[423],"[42, 43, 44, 45]",33,,,,7,0.00032101118562083083,1,sgd,huber,120,recon+kl,0.7012323569314374,0.009661261696586081,0.793551092101475,0.010130976381831969,0.6978150631961026,0.6819784322248377,0.8584822277445233,0.9756374602612505,True,0.008675259861152694,0.0001030732107016105,0.1206101294841633,False,0.80127190036147,0.7922482810885875,0.80127190036147,0.0001,COMPLETE
7,0.5708141872757277,gelu,128,0.7689094984332621,14,3.0,0.2643807180118413,413,,77,0.7699799676062793,0.7840516069094892,0.61273168015298,4,0.0014333044550799052,4,mse,recon+kl,0.9382276101196616,0.9905575953680932,0.002738973408839841,0.00035952815491782604,0.8142954049776814,True,1e-10,,,,,,,gelu,fedadam,128,0.7689094984332621,14,3.0,3.0,-3.0,0.2643807180118413,2,413,,"[413, 318, 249, 152]","[42, 43, 44, 45]",77,0.7699757869249395,0.7830188679245284,0.6104417670682731,4,0.0014333044550799052,4,sgd,mse,120,recon+kl,,,,,,,0.9382276101196616,0.9905575953680932,True,0.002738973408839841,0.00035952815491782604,0.8142954049776814,True,,,,1e-10,PRUNED
8,0.7309380224592193,elu,64,1.0277815600859523,3,5.0,0.12042134328047993,985,5.0,22,0.711271676554029,0.6225165192778381,,3,0.01382824304142762,3,mse,recon,0.944436553961859,0.9822797620243646,0.0012993318822468673,0.0003883236376614348,0.5516775527247312,True,0.0001,0.7182722447082555,0.7166362305505221,0.7419272224009814,0.7472859757715344,0.7551916581520808,0.7481040198959057,elu,fedadam,64,1.0277815600859523,3,5.0,5.0,-5.0,0.12042134328047993,3,985,5.0,"[985, 700, 435]","[42, 43, 44, 45]",22,0.7106598984771574,0.6214285714285714,,3,0.01382824304142762,3,sgd,mse,120,recon,0.7309380224592193,0.016953167008824023,0.7465438896321512,0.014944024646441532,0.7300997335546184,0.7182722447082555,0.944436553961859,0.9822797620243646,True,0.0012993318822468673,0.0003883236376614348,0.5516775527247312,True,0.7551916581520808,0.7481040198959057,0.7551916581520808,0.0001,COMPLETE
9,0.5673298811627255,gelu,512,0.16396697835375967,5,3.0,0.08721417581978984,410,5.0,58,0.6053263137770316,,,7,0.004014918056963141,2,huber,recon,0.8684886031025308,0.9938454600828619,0.0022552953923792828,0.0004756372275034051,0.3504310995968805,False,1e-10,,,,,,,gelu,fedadam,512,0.16396697835375967,5,3.0,3.0,-3.0,0.08721417581978984,2,410,5.0,"[410, 248]","[42, 43, 44, 45]",58,0.6048780487804878,,,7,0.004014918056963141,2,sgd,huber,120,recon,,,,,,,0.8684886031025308,0.9938454600828619,True,0.0022552953923792828,0.0004756372275034051,0.3504310995968805,False,,,,1e-10,PRUNED
10,0.6279950408417867,relu,512,1.881242354304735,9,6.0,0.21819743030341407,78,,110,0.5293378065290024,0.7858680748824882,,1,0.0065356418161088715,3,mse,recon,0.8932555880693748,0.9844407985150414,0.006792421801981294,0.00010178744576820926,0.9454860444417856,False,1e-08,,,,,,,relu,fedadam,512,1.881242354304735,9,6.0,6.0,-6.0,0.21819743030341407,10,78,,"[78, 41, 32]","[42, 43, 44, 45]",110,0.5256410256410257,0.7804878048780488,,1,0.0065356418161088715,3,sgd,mse,120,recon,,,,,,,0.8932555880693748,0.9844407985150414,True,0.006792421801981294,0.00010178744576820926,0.9454860444417856,False,,,,1e-08,PRUNED
11,0.5911607838405392,leakyrelu,256,0.10374848100380465,9,5.0,0.32054445268164433,624,2.0,104,0.9852200601013981,,,1,0.018159546882195857,2,mse,recon+kl,0.9135555117217683,0.9711914693109126,0.005348197217650832,0.00020165612566899632,0.3772840603262459,True,1e-06,,,,,,,leakyrelu,fedadam,256,0.10374848100380465,9,5.0,5.0,-5.0,0.32054445268164433,10,624,2.0,"[624, 614]","[42, 43, 44, 45]",104,0.9839743589743589,,,1,0.018159546882195857,2,sgd,mse,120,recon+kl,,,,,,,0.9135555117217683,0.9711914693109126,True,0.005348197217650832,0.00020165612566899632,0.3772840603262459,True,,,,1e-06,PRUNED
12,0.7321019642820181,leakyrelu,256,0.24504112413272375,11,6.0,0.27447904702784975,695,2.0,91,0.8949049724359346,,,2,0.008855625247666234,2,mse,recon+kl,0.9023062517153226,0.9823923201634709,0.019553500297264447,0.0014204075097797653,0.21014307146261918,False,1e-06,0.7393977694607681,0.7442938750491588,0.7144242446480419,0.7221447794769316,0.8139612393473594,0.8086420929134184,leakyrelu,fedadam,256,0.24504112413272375,11,6.0,6.0,-6.0,0.27447904702784975,5,695,2.0,"[695, 621]","[42, 43, 44, 45]",91,0.8935251798561151,,,2,0.008855625247666234,2,sgd,mse,120,recon+kl,0.7321019642820181,0.05586192249747245,0.8054257198823576,0.020882952901365482,0.7269110070544049,0.7144242446480419,0.9023062517153226,0.9823923201634709,True,0.019553500297264447,0.0014204075097797653,0.21014307146261918,False,0.8139612393473594,0.8086420929134184,0.8139612393473594,1e-06,COMPLETE
13,0.5923067247822431,relu,256,1.7680638952515997,6,5.0,0.17978808679224537,721,2.0,34,0.852023530888813,,,2,0.0023676604762512604,2,mse,recon+kl,0.9226414277681988,0.9869462878078686,0.009364875804075417,0.00021164660984852022,0.46920271926858204,True,0.0,,,,,,,relu,fedadam,256,1.7680638952515997,6,5.0,5.0,-5.0,0.17978808679224537,5,721,2.0,"[721, 614]","[42, 43, 44, 45]",34,0.8515950069348127,,,2,0.0023676604762512604,2,sgd,mse,120,recon+kl,,,,,,,0.9226414277681988,0.9869462878078686,True,0.009364875804075417,0.00021164660984852022,0.46920271926858204,True,,,,0.0,PRUNED
14,0.6300843631983607,leakyrelu,512,0.17057474480419882,11,6.0,0.38764980867512683,850,5.0,8,0.6243545573738416,0.6797149528701024,,3,0.009182177541226785,3,mse,recon,0.8873259398026714,0.979515306391753,0.00443431840987974,0.0012031375347202466,0.7514313440822908,False,1e-05,0.5812965597309956,0.5865491477417061,0.6670719515430688,0.6740122757041702,0.8236838802425857,0.8188149207767184,leakyrelu,fedadam,512,0.17057474480419882,11,6.0,6.0,-6.0,0.38764980867512683,3,850,5.0,"[850, 530, 360]","[42, 43, 44, 45]",8,0.6235294117647059,0.6792452830188679,,3,0.009182177541226785,3,sgd,mse,120,recon,0.6300843631983607,0.00466209755962427,0.8192042660897447,0.0012361990186567698,0.6241842556370322,0.5812965597309956,0.8873259398026714,0.979515306391753,True,0.00443431840987974,0.0012031375347202466,0.7514313440822908,False,0.8236838802425857,0.8188149207767184,0.8236838802425857,1e-05,COMPLETE
15,0.8561503652333937,relu,256,1.2683711258457415,4,8.0,0.24018235696195628,512,2.0,47,,,,1,0.00385497814775382,1,mse,recon+kl,0.8813437193721777,0.9743149650966358,0.018937344105923303,0.00018722321532076803,0.9385127156766905,True,1e-08,0.8925407429987526,0.8925196129485681,0.8159676521006095,0.8200612814969112,0.7489472208580068,0.7452100309582813,relu,fedadam,256,1.2683711258457415,4,8.0,8.0,-8.0,0.24018235696195628,10,512,2.0,[512],"[42, 43, 44, 45]",47,,,,1,0.00385497814775382,1,sgd,mse,120,recon+kl,0.8561503652333937,0.0020509878524354688,0.7435533471730633,0.006677684811547577,0.8542541975496811,0.8159676521006095,0.8813437193721777,0.9743149650966358,True,0.018937344105923303,0.00018722321532076803,0.9385127156766905,True,0.7489472208580068,0.7452100309582813,0.7489472208580068,1e-08,COMPLETE
16,0.6005677841002106,relu,128,1.252287483050654,4,8.0,0.22459786531575543,545,1.0,127,,,,2,0.0032605082849940636,1,mse,recon,0.8848632399916263,0.9704429538824574,0.017705031220161625,0.00018722346321987403,0.9429809644904004,True,1e-08,,,,,,,relu,fedadam,128,1.252287483050654,4,8.0,8.0,-8.0,0.22459786531575543,5,545,1.0,[545],"[42, 43, 44, 45]",127,,,,2,0.0032605082849940636,1,sgd,mse,120,recon,,,,,,,0.8848632399916263,0.9704429538824574,True,0.017705031220161625,0.00018722346321987403,0.9429809644904004,True,,,,1e-08,PRUNED
17,0.6386560314315229,relu,64,1.3659620954384142,7,8.0,0.14193525245307254,511,,96,,,,3,0.0014168212675950906,1,mse,recon+kl,0.8758431714373319,0.9810501050380778,0.0010422349450413323,0.00016554586023747938,0.8306252455357703,False,1e-08,,,,,,,relu,fedadam,64,1.3659620954384142,7,8.0,8.0,-8.0,0.14193525245307254,3,511,,[511],"[42, 43, 44, 45]",96,,,,3,0.0014168212675950906,1,sgd,mse,120,recon+kl,,,,,,,0.8758431714373319,0.9810501050380778,True,0.0010422349450413323,0.00016554586023747938,0.8306252455357703,False,,,,1e-08,PRUNED
18,0.632487477149392,relu,512,0.5218754304383953,3,8.0,0.24365661923308185,324,5.0,75,0.50752373930111,0.8589384906448644,,4,0.006297553676203965,3,huber,recon,0.9050155218209978,0.9857158629053583,0.0063072117108061284,0.0002574253934753246,0.6535143983190692,False,0.0001,0.6109286731735037,0.6141915036194046,0.6448153416842133,0.6506777974883383,0.7827279227609462,0.7812315360500978,relu,fedadam,512,0.5218754304383953,3,8.0,8.0,-8.0,0.24365661923308185,2,324,5.0,"[324, 164, 140]","[42, 43, 44, 45]",75,0.5061728395061729,0.8536585365853658,,4,0.006297553676203965,3,sgd,huber,120,recon,0.632487477149392,0.00035249230814140555,0.7823750660938844,0.0012498326401277947,0.6278720074288585,0.6109286731735037,0.9050155218209978,0.9857158629053583,True,0.0063072117108061284,0.0002574253934753246,0.6535143983190692,False,0.7827279227609462,0.7812315360500978,0.7827279227609462,0.0001,COMPLETE
19,0.6183594462978956,relu,256,1.215277723855119,8,6.0,0.1951866398755773,513,2.0,43,0.6027265860644883,0.8586889051277379,0.9431898316559193,1,0.0021271185326985583,4,mse,recon+kl,0.8806435354072123,0.9761600517910587,0.014834587314503296,0.00439578159128672,0.8629574331418196,True,1e-08,,,,,,,relu,fedadam,256,1.215277723855119,8,6.0,6.0,-6.0,0.1951866398755773,10,513,2.0,"[513, 309, 265, 249]","[42, 43, 44, 45]",43,0.6023391812865497,0.8576051779935275,0.939622641509434,1,0.0021271185326985583,4,sgd,mse,120,recon+kl,,,,,,,0.8806435354072123,0.9761600517910587,True,0.014834587314503296,0.00439578159128672,0.8629574331418196,True,,,,1e-08,PRUNED
20,0.7886459512321217,relu,512,0.616287524703362,3,8.0,0.13927420552926467,589,2.0,68,,,,8,0.0006893577281976337,1,mse,recon,0.8962244275954888,0.9881512238561191,0.008637225922223858,0.00013439277868548065,0.7041635641242807,True,0.0001,0.826212505245173,0.8257411070796193,0.7491054039865196,0.753292110507093,0.7667301732459484,0.7603550270632111,relu,fedadam,512,0.616287524703362,3,8.0,8.0,-8.0,0.13927420552926467,2,589,2.0,[589],"[42, 43, 44, 45]",68,,,,8,0.0006893577281976337,1,sgd,mse,120,recon,0.7886459512321217,0.007354234794409085,0.7596886489986658,0.0010912223186384875,0.7876589546158463,0.7491054039865196,0.8962244275954888,0.9881512238561191,True,0.008637225922223858,0.00013439277868548065,0.7041635641242807,True,0.7667301732459484,0.7603550270632111,0.7667301732459484,0.0001,COMPLETE
21,0.5834495268524633,leakyrelu,256,0.35532459394518473,11,5.0,0.320887560501422,744,2.0,48,0.8341140674920335,,,1,0.0054671509473729904,2,mse,recon+kl,0.9273510805697146,0.9729297719691673,0.010268875432410974,0.0003160492179178201,0.48564804726129074,True,1e-06,,,,,,,leakyrelu,fedadam,256,0.35532459394518473,11,5.0,5.0,-5.0,0.320887560501422,10,744,2.0,"[744, 620]","[42, 43, 44, 45]",48,0.8333333333333334,,,1,0.0054671509473729904,2,sgd,mse,120,recon+kl,,,,,,,0.9273510805697146,0.9729297719691673,True,0.010268875432410974,0.0003160492179178201,0.48564804726129074,True,,,,1e-06,PRUNED
22,0.5606386398019724,leakyrelu,256,0.12366983719191721,5,5.0,0.29402208467253027,834,2.0,65,0.9183476736061659,,,2,0.009429072837376123,2,mse,recon+kl,0.9150147782897667,0.9745274735124743,0.011649314858538595,0.0007854904661750049,0.46538969322255747,True,1e-06,,,,,,,leakyrelu,fedadam,256,0.12366983719191721,5,5.0,5.0,-5.0,0.29402208467253027,5,834,2.0,"[834, 765]","[42, 43, 44, 45]",65,0.9172661870503597,,,2,0.009429072837376123,2,sgd,mse,120,recon+kl,,,,,,,0.9150147782897667,0.9745274735124743,True,0.011649314858538595,0.0007854904661750049,0.46538969322255747,True,,,,1e-06,PRUNED
23,0.5,relu,256,0.9048557517557116,7,6.0,0.3456108811008172,651,2.0,46,0.6743438452113829,0.6888478495151237,,1,0.013679602526812277,3,mse,recon+kl,0.8674612317989728,0.9784115448699706,0.015556909344921705,0.00013888974340960263,0.88965622404507,True,1e-08,,,,,,,relu,fedadam,256,0.9048557517557116,7,6.0,6.0,-6.0,0.3456108811008172,10,651,2.0,"[651, 438, 301]","[42, 43, 44, 45]",46,0.6728110599078341,0.6872146118721462,,1,0.013679602526812277,3,sgd,mse,120,recon+kl,,,,,,,0.8674612317989728,0.9784115448699706,True,0.015556909344921705,0.00013888974340960263,0.88965622404507,True,,,,1e-08,PRUNED
24,0.6082609299527135,relu,256,0.24947150051971806,5,8.0,0.25915598877950224,124,2.0,89,,,,2,0.0030960293227115256,1,mse,recon+kl,0.9317002155436888,0.9724269226197614,0.006658563583734247,0.00027892147322419346,0.7819020592991942,True,1e-05,,,,,,,relu,fedadam,256,0.24947150051971806,5,8.0,8.0,-8.0,0.25915598877950224,5,124,2.0,[124],"[42, 43, 44, 45]",89,,,,2,0.0030960293227115256,1,sgd,mse,120,recon+kl,,,,,,,0.9317002155436888,0.9724269226197614,True,0.006658563583734247,0.00027892147322419346,0.7819020592991942,True,,,,1e-05,PRUNED
25,0.6636260539740065,leakyrelu,256,1.522924234896855,12,5.0,0.3028109245545748,451,5.0,29,0.8006775336199099,,,1,0.005255791318692779,2,mse,recon+kl,0.9089495180104781,0.9802061502794828,0.007909788367129217,0.0005352374079194736,0.2608619084931608,True,0.0,,,,,,,leakyrelu,fedadam,256,1.522924234896855,12,5.0,5.0,-5.0,0.3028109245545748,10,451,5.0,"[451, 361]","[42, 43, 44, 45]",29,0.8004434589800443,,,1,0.005255791318692779,2,sgd,mse,120,recon+kl,,,,,,,0.9089495180104781,0.9802061502794828,True,0.007909788367129217,0.0005352374079194736,0.2608619084931608,True,,,,0.0,PRUNED
26,0.6373397399711351,elu,128,0.6423271787137932,9,6.0,0.22214891775718368,330,1.0,12,0.6576216686937981,0.5087277472874623,,3,0.0020502216132450343,3,huber,recon+kl,0.8910536713264593,0.9756740113313053,0.004715005458071416,0.0002301823009670259,0.5663373368438701,False,1e-10,,,,,,,elu,fedadam,128,0.6423271787137932,9,6.0,6.0,-6.0,0.22214891775718368,3,330,1.0,"[330, 217, 110]","[42, 43, 44, 45]",12,0.6575757575757576,0.5069124423963134,,3,0.0020502216132450343,3,sgd,huber,120,recon+kl,,,,,,,0.8910536713264593,0.9756740113313053,True,0.004715005458071416,0.0002301823009670259,0.5663373368438701,False,,,,1e-10,PRUNED
27,0.6147600933123338,gelu,64,1.0169044715471875,2,5.0,0.007609192549281996,771,,49,0.5557421657082127,,,2,0.007909349267169605,2,mse,recon+kl,0.8749237354130454,0.9747261655053179,0.015629767612109303,0.0010002144076206362,0.39483397255208236,True,0.0001,,,,,,,gelu,fedadam,64,1.0169044715471875,2,5.0,5.0,-5.0,0.007609192549281996,5,771,,"[771, 428]","[42, 43, 44, 45]",49,0.5551232166018158,,,2,0.007909349267169605,2,sgd,mse,120,recon+kl,,,,,,,0.8749237354130454,0.9747261655053179,True,0.015629767612109303,0.0010002144076206362,0.39483397255208236,True,,,,0.0001,PRUNED
28,0.7874871105165013,relu,256,0.4571175226370434,6,8.0,0.35211488291877757,239,2.0,22,,,,4,0.011939108141059685,1,mse,recon,0.8982181199290934,0.9700860994290013,0.011943052659219076,0.00014580867220045964,0.650524962973864,False,1e-06,0.8327594502494162,0.8322348753201202,0.7342751123831244,0.7402079764028369,0.7610325511204443,0.7603771367611832,relu,fedadam,256,0.4571175226370434,6,8.0,8.0,-8.0,0.35211488291877757,2,239,2.0,[239],"[42, 43, 44, 45]",22,,,,4,0.011939108141059685,1,sgd,mse,120,recon,0.7874871105165013,0.02769853161847792,0.7583449703259629,0.010715305611012176,0.7835172813162703,0.7342751123831244,0.8982181199290934,0.9700860994290013,True,0.011943052659219076,0.00014580867220045964,0.650524962973864,False,0.7610325511204443,0.7603771367611832,0.7610325511204443,1e-06,COMPLETE
29,0.5965038922476813,relu,64,0.17252537234086562,0,6.0,0.16240147561716786,354,5.0,83,0.9386293954587027,0.8839231698500003,0.9883041881957993,5,0.018124392437993443,4,mse,recon+kl,0.879706919544393,0.9770869860188927,0.019715962013794743,0.001893414003424536,0.12259735132000005,False,1e-08,0.5952866075443934,0.5948037093957749,0.5946343432290696,0.598330559036657,0.7574416068763983,0.7489175362363837,relu,fedadam,64,0.17252537234086562,0,6.0,6.0,-6.0,0.16240147561716786,2,354,5.0,"[354, 332, 293, 289]","[42, 43, 44, 45]",83,0.9378531073446328,0.8825301204819277,0.9863481228668942,5,0.018124392437993443,4,sgd,mse,120,recon+kl,0.5965038922476813,0.01684695358449773,0.7465881090280954,0.022171205582188245,0.5949604753867315,0.5946343432290696,0.879706919544393,0.9770869860188927,True,0.019715962013794743,0.001893414003424536,0.12259735132000005,False,0.7574416068763983,0.7489175362363837,0.7574416068763983,1e-08,COMPLETE
30,0.7034979761982045,leakyrelu,512,1.0936123919557612,4,8.0,0.19581536163968935,977,5.0,70,0.5679289806120398,,,6,0.00412972212896336,2,mse,recon+kl,0.920901236892245,0.9835594086212597,0.011197217637713659,0.0004956364720062285,0.8891207234657414,True,1e-06,0.7242163288116649,0.7268953656191374,0.6745157129389716,0.6786041247993663,0.7599615197171463,0.7590347958428123,leakyrelu,fedadam,512,1.0936123919557612,4,8.0,8.0,-8.0,0.19581536163968935,2,977,5.0,"[977, 554]","[42, 43, 44, 45]",70,0.5670419651995906,,,6,0.00412972212896336,2,sgd,mse,120,recon+kl,0.7034979761982045,0.009982988489965455,0.7571370516670712,0.002912895367722456,0.6993660208753183,0.6745157129389716,0.920901236892245,0.9835594086212597,True,0.011197217637713659,0.0004956364720062285,0.8891207234657414,True,0.7599615197171463,0.7590347958428123,0.7599615197171463,1e-06,COMPLETE
31,0.5888637273469679,gelu,512,0.4133271361682942,1,4.0,0.16210019252786173,195,1.0,57,,,,8,0.0005084712227291886,1,mse,recon,0.8505028626391278,0.9787285464389199,0.0036785705387675375,0.0009085927401229598,0.6918589889545123,True,1e-05,,,,,,,gelu,fedadam,512,0.4133271361682942,1,4.0,4.0,-4.0,0.16210019252786173,2,195,1.0,[195],"[42, 43, 44, 45]",57,,,,8,0.0005084712227291886,1,sgd,mse,120,recon,,,,,,,0.8505028626391278,0.9787285464389199,True,0.0036785705387675375,0.0009085927401229598,0.6918589889545123,True,,,,1e-05,PRUNED
32,0.6224695274263747,gelu,512,0.22545542130098847,0,4.0,0.10379882078609023,161,1.0,54,,,,6,0.0015876244901965326,1,mse,recon,0.8660216999480849,0.977540433274257,0.003665680263475538,0.0006075571347963554,0.5308742831473359,True,1e-05,,,,,,,gelu,fedadam,512,0.22545542130098847,0,4.0,4.0,-4.0,0.10379882078609023,2,161,1.0,[161],"[42, 43, 44, 45]",54,,,,6,0.0015876244901965326,1,sgd,mse,120,recon,,,,,,,0.8660216999480849,0.977540433274257,True,0.003665680263475538,0.0006075571347963554,0.5308742831473359,True,,,,1e-05,PRUNED
33,0.6479789442760344,gelu,512,0.32481879418219856,2,4.0,0.2395051441360927,270,1.0,37,,,,6,0.0008943477641615373,1,mse,recon,0.8634886681624265,0.974470414418837,0.003147108133951389,0.0004187223225278774,0.6205138422967538,True,1e-05,,,,,,,gelu,fedadam,512,0.32481879418219856,2,4.0,4.0,-4.0,0.2395051441360927,2,270,1.0,[270],"[42, 43, 44, 45]",37,,,,6,0.0008943477641615373,1,sgd,mse,120,recon,,,,,,,0.8634886681624265,0.974470414418837,True,0.003147108133951389,0.0004187223225278774,0.6205138422967538,True,,,,1e-05,PRUNED
34,0.6553398272338792,gelu,512,0.5054167833136103,4,4.0,0.17444188565079063,470,1.0,66,,,,1,0.002982399578791308,1,huber,recon,0.8735186759915995,0.9807600081443607,0.013497168184798517,0.0006446735391248745,0.7595593153472383,True,1e-05,,,,,,,gelu,fedadam,512,0.5054167833136103,4,4.0,4.0,-4.0,0.17444188565079063,10,470,1.0,[470],"[42, 43, 44, 45]",66,,,,1,0.002982399578791308,1,sgd,huber,120,recon,,,,,,,0.8735186759915995,0.9807600081443607,True,0.013497168184798517,0.0006446735391248745,0.7595593153472383,True,,,,1e-05,PRUNED
35,0.5678331414023382,elu,512,0.7222441761122258,13,3.0,0.27897559385061493,198,1.0,39,0.8701012720540912,0.613445798895657,,2,0.0005223559501727421,3,mse,recon,0.8569034153791748,0.9719982612204106,0.0019477795879036066,0.00031463784601990354,0.30108739775181526,True,0.0001,,,,,,,elu,fedadam,512,0.7222441761122258,13,3.0,3.0,-3.0,0.27897559385061493,5,198,1.0,"[198, 172, 105]","[42, 43, 44, 45]",39,0.8686868686868687,0.6104651162790697,,2,0.0005223559501727421,3,sgd,mse,120,recon,,,,,,,0.8569034153791748,0.9719982612204106,True,0.0019477795879036066,0.00031463784601990354,0.30108739775181526,True,,,,0.0001,PRUNED
36,0.6214987587991894,gelu,128,1.6133062485255627,2,4.0,0.0591486016982386,378,2.0,53,,,,5,0.0011459000169031384,1,huber,recon,0.9489647089934091,0.977107614999543,0.007366553604800558,0.00011166719107085442,0.6025996712244283,False,0.0,,,,,,,gelu,fedadam,128,1.6133062485255627,2,4.0,4.0,-4.0,0.0591486016982386,2,378,2.0,[378],"[42, 43, 44, 45]",53,,,,5,0.0011459000169031384,1,sgd,huber,120,recon,,,,,,,0.9489647089934091,0.977107614999543,True,0.007366553604800558,0.00011166719107085442,0.6025996712244283,False,,,,0.0,PRUNED
37,0.568586164785931,elu,256,0.376284532830296,15,3.0,0.13296747110547358,267,5.0,80,0.7987552292232762,0.9184810745702741,,7,0.0003111157643229639,3,mse,recon,0.8859641052336752,0.9736083793355986,0.0055759123790599455,0.0031265164686941687,0.811491999580207,True,0.0001,,,,,,,elu,fedadam,256,0.376284532830296,15,3.0,3.0,-3.0,0.13296747110547358,2,267,5.0,"[267, 213, 195]","[42, 43, 44, 45]",80,0.797752808988764,0.9154929577464789,,7,0.0003111157643229639,3,sgd,mse,120,recon,,,,,,,0.8859641052336752,0.9736083793355986,True,0.0055759123790599455,0.0031265164686941687,0.811491999580207,True,,,,0.0001,PRUNED
38,0.5861487549299922,leakyrelu,512,0.8056786010550374,1,4.0,0.2025587848015252,552,,29,0.9526575284791972,0.7529995868371326,0.8073736563437794,3,0.0037762223787068056,4,mse,recon,0.8605095930697337,0.9761816278960836,0.0016798311991771196,0.00035865937967653896,0.4366625492862971,True,1e-10,0.5485322735731719,0.5516954433794157,0.6157352556539673,0.6206754812622661,0.8379907835488793,0.8306371409290966,leakyrelu,fedadam,512,0.8056786010550374,1,4.0,4.0,-4.0,0.2025587848015252,3,552,,"[552, 525, 395, 318]","[42, 43, 44, 45]",29,0.9510869565217391,0.7523809523809524,0.8050632911392405,3,0.0037762223787068056,4,sgd,mse,120,recon,0.5861487549299922,0.0034202893474302594,0.8305651374047166,0.0066790635332234565,0.5821337646135696,0.5485322735731719,0.8605095930697337,0.9761816278960836,True,0.0016798311991771196,0.00035865937967653896,0.4366625492862971,True,0.8379907835488793,0.8306371409290966,0.8379907835488793,1e-10,COMPLETE
39,0.8076993289236247,gelu,64,0.1993541122600641,6,5.0,0.24970340088521528,905,1.0,62,0.6509859091311241,,,1,0.005220428470982084,2,huber,recon+kl,0.8709858703956063,0.9792814174571728,0.002580672728559639,0.00018014462805319802,0.9195266868876631,False,1e-08,0.8312143869215962,0.8321369105413394,0.7765208367438718,0.781388523726058,0.8103091406195607,0.8019622445153838,gelu,fedadam,64,0.1993541122600641,6,5.0,5.0,-5.0,0.24970340088521528,10,905,1.0,"[905, 589]","[42, 43, 44, 45]",62,0.6508287292817679,,,1,0.005220428470982084,2,sgd,huber,120,recon+kl,0.8076993289236247,0.031259087325786694,0.8031904646988094,0.011308913204397837,0.803867611832734,0.7765208367438718,0.8709858703956063,0.9792814174571728,True,0.002580672728559639,0.00018014462805319802,0.9195266868876631,False,0.8103091406195607,0.8019622445153838,0.8103091406195607,1e-08,COMPLETE
40,0.8427063458126114,relu,64,0.13064462062291726,6,5.0,0.25444845068994926,935,1.0,60,0.6404329482292112,,,1,0.0049476670632816865,2,huber,recon+kl,0.8809796982957673,0.9816078186973346,0.0026474969478762814,0.00017268409288470607,0.9229770304801909,False,1e-08,,,,,,,relu,fedadam,64,0.13064462062291726,6,5.0,5.0,-5.0,0.25444845068994926,10,935,1.0,"[935, 598]","[42, 43, 44, 45]",60,0.6395721925133689,,,1,0.0049476670632816865,2,sgd,huber,120,recon+kl,,,,,,,0.8809796982957673,0.9816078186973346,True,0.0026474969478762814,0.00017268409288470607,0.9229770304801909,False,,,,1e-08,PRUNED
41,0.7572202864476019,gelu,64,0.28834809731395966,8,5.0,0.2930733814504677,810,1.0,61,0.6941999688549867,,,1,0.0068573131910708955,2,huber,recon+kl,0.8688744613358642,0.9789982238377021,0.0028138851310425556,0.00012408074924265627,0.8478679188863204,False,1e-08,,,,,,,gelu,fedadam,64,0.28834809731395966,8,5.0,5.0,-5.0,0.2930733814504677,10,810,1.0,"[810, 562]","[42, 43, 44, 45]",61,0.6938271604938272,,,1,0.0068573131910708955,2,sgd,huber,120,recon+kl,,,,,,,0.8688744613358642,0.9789982238377021,True,0.0028138851310425556,0.00012408074924265627,0.8478679188863204,False,,,,1e-08,PRUNED
42,0.7549628627636934,gelu,64,0.1530588043628794,5,5.0,0.23466881076964236,669,1.0,74,0.749953993634523,,,1,0.0027468847295273966,2,huber,recon+kl,0.8748520463467164,0.9832004124804691,0.004037512778704873,0.00021808531201686213,0.9009382456755132,False,1e-08,,,,,,,gelu,fedadam,64,0.1530588043628794,5,5.0,5.0,-5.0,0.23466881076964236,10,669,1.0,"[669, 501]","[42, 43, 44, 45]",74,0.7488789237668162,,,1,0.0027468847295273966,2,sgd,huber,120,recon+kl,,,,,,,0.8748520463467164,0.9832004124804691,True,0.004037512778704873,0.00021808531201686213,0.9009382456755132,False,,,,1e-08,PRUNED
43,0.6187007059579521,gelu,64,0.19352901404733516,7,5.0,0.2148616234845659,886,1.0,42,0.5765400794551468,0.6872171932861191,,2,0.011368921595818702,3,huber,recon+kl,0.8899905965710103,0.9780580225544875,0.0021776692667238987,0.00016771879325241113,0.9472050948053791,False,1e-06,,,,,,,gelu,fedadam,64,0.19352901404733516,7,5.0,5.0,-5.0,0.2148616234845659,5,886,1.0,"[886, 510, 350]","[42, 43, 44, 45]",42,0.5756207674943566,0.6862745098039216,,2,0.011368921595818702,3,sgd,huber,120,recon+kl,,,,,,,0.8899905965710103,0.9780580225544875,True,0.0021776692667238987,0.00016771879325241113,0.9472050948053791,False,,,,1e-06,PRUNED
44,0.6265011073665752,gelu,256,0.10869088425757892,10,6.0,0.3183277427490109,100,2.0,107,,,,2,0.0047957564421058,1,huber,recon+kl,0.8706577780407259,0.9794144934490521,0.003191186514782905,0.0002698184449878361,0.7976154628253305,False,1e-08,,,,,,,gelu,fedadam,256,0.10869088425757892,10,6.0,6.0,-6.0,0.3183277427490109,5,100,2.0,[100],"[42, 43, 44, 45]",107,,,,2,0.0047957564421058,1,sgd,huber,120,recon+kl,,,,,,,0.8706577780407259,0.9794144934490521,True,0.003191186514782905,0.0002698184449878361,0.7976154628253305,False,,,,1e-08,PRUNED
45,0.5597330242209388,gelu,128,0.20022283290018306,4,3.0,0.11025431587038,943,5.0,118,0.7379390740416075,,,1,0.007066654281577519,2,mse,recon+kl,0.9358136698560303,0.9737408960859888,0.0018298758090656906,0.0004189149035285549,0.7304077766527244,False,0.0001,,,,,,,gelu,fedadam,128,0.20022283290018306,4,3.0,3.0,-3.0,0.11025431587038,10,943,5.0,"[943, 695]","[42, 43, 44, 45]",118,0.7370095440084835,,,1,0.007066654281577519,2,sgd,mse,120,recon+kl,,,,,,,0.9358136698560303,0.9737408960859888,True,0.0018298758090656906,0.0004189149035285549,0.7304077766527244,False,,,,0.0001,PRUNED
46,0.600810755568351,leakyrelu,512,0.27573663924475794,14,5.0,0.27013203788510315,382,1.0,51,0.6769956032161485,0.8158703773915672,,3,0.003743481912016463,3,huber,recon,0.8612234407249898,0.9713520512745022,0.001501931256112492,0.0012982931535048745,0.3318339996575221,True,1e-05,0.5634006785325182,0.5673092709256531,0.6292059701829554,0.6342772380894587,0.8317851181975044,0.8253709607463482,leakyrelu,fedadam,512,0.27573663924475794,14,5.0,5.0,-5.0,0.27013203788510315,3,382,1.0,"[382, 258, 210]","[42, 43, 44, 45]",51,0.675392670157068,0.813953488372093,,3,0.003743481912016463,3,sgd,huber,120,recon,0.600810755568351,0.0011196482695285711,0.8252465201922696,0.000532816927027944,0.5963033243577368,0.5634006785325182,0.8612234407249898,0.9713520512745022,True,0.001501931256112492,0.0012982931535048745,0.3318339996575221,True,0.8317851181975044,0.8253709607463482,0.8317851181975044,1e-05,COMPLETE
47,0.6190409880283042,relu,64,0.14922744503433907,6,4.0,0.174207552578662,1012,2.0,96,,,,7,0.001875131694874928,1,mse,recon+kl,0.8535508077781981,0.9922834400772097,0.005566265804477014,0.0018599159855028928,0.194522136353497,False,1e-10,0.6032640217822863,0.6046892434908109,0.6278317912995045,0.6335471770384671,0.8317318385295829,0.8231357496645911,relu,fedadam,64,0.14922744503433907,6,4.0,4.0,-4.0,0.174207552578662,2,1012,2.0,[1012],"[42, 43, 44, 45]",96,,,,7,0.001875131694874928,1,sgd,mse,120,recon+kl,0.6190409880283042,0.0026995277573875413,0.8233784712225816,0.008372440533497403,0.6155479065408954,0.6032640217822863,0.8535508077781981,0.9922834400772097,True,0.005566265804477014,0.0018599159855028928,0.194522136353497,False,0.8317318385295829,0.8231357496645911,0.8317318385295829,1e-10,COMPLETE
48,0.7971425949682092,elu,256,0.9851934347768931,3,8.0,0.2087746413911212,612,,62,0.6055423602769895,,,2,0.0025364243074883818,2,mse,recon,0.882604559298007,0.9769010036911432,0.002464801881348244,0.00010761895415053067,0.012977592891035061,True,1e-08,0.8215292666542475,0.8233731202052532,0.7656314717908479,0.7694963581328877,0.7264056499216283,0.720384074266946,elu,fedadam,256,0.9851934347768931,3,8.0,8.0,-8.0,0.2087746413911212,5,612,,"[612, 370]","[42, 43, 44, 45]",62,0.6045751633986928,,,2,0.0025364243074883818,2,sgd,mse,120,recon,0.7971425949682092,0.016008742118771666,0.7231557101352737,0.02944162976734234,0.7935803692225477,0.7656314717908479,0.882604559298007,0.9769010036911432,True,0.002464801881348244,0.00010761895415053067,0.012977592891035061,True,0.7264056499216283,0.720384074266946,0.7264056499216283,1e-08,COMPLETE
49,0.8047939837747746,elu,256,1.9660354011168784,3,8.0,0.2508050911919559,605,,62,0.598806632317527,,,1,0.002372378335168514,2,mse,recon,0.8819537223742929,0.9765394447055786,0.002554380922349994,0.00012552522224080307,0.05826770361080669,True,1e-08,0.8211423375313534,0.8190539083830567,0.7853608020457586,0.7865369668269855,0.732687043340653,0.7277727413532264,elu,fedadam,256,1.9660354011168784,3,8.0,8.0,-8.0,0.2508050911919559,10,605,,"[605, 362]","[42, 43, 44, 45]",62,0.5983471074380166,,,1,0.002372378335168514,2,sgd,mse,120,recon,0.8047939837747746,0.003138539924540107,0.7235011006631027,0.012995039380857382,0.803251569788556,0.7853608020457586,0.8819537223742929,0.9765394447055786,True,0.002554380922349994,0.00012552522224080307,0.05826770361080669,True,0.732687043340653,0.7277727413532264,0.732687043340653,1e-08,COMPLETE
50,0.6589023111220247,elu,256,1.9875981097973174,3,8.0,0.2444987043329598,576,,84,0.6383799657084182,,,1,0.0033819041011382126,2,mse,recon+kl,0.903651764896098,0.975107357420728,0.0012248443675927827,0.0001544111592474363,0.06541554870663571,False,1e-08,,,,,,,elu,fedadam,256,1.9875981097973174,3,8.0,8.0,-8.0,0.2444987043329598,10,576,,"[576, 367]","[42, 43, 44, 45]",84,0.6371527777777778,,,1,0.0033819041011382126,2,sgd,mse,120,recon+kl,,,,,,,0.903651764896098,0.975107357420728,True,0.0012248443675927827,0.0001544111592474363,0.06541554870663571,False,,,,1e-08,PRUNED
51,0.8099623976368026,elu,256,1.4572569481878848,3,8.0,0.20934299069105364,615,,63,0.5948260644088326,,,1,0.002578143042334129,2,mse,recon,0.8832246206791705,0.9764148839949492,0.0025561785872433504,0.00010303230716097225,0.041974272826648396,True,1e-08,0.838859647637273,0.8399742251491699,0.7783222408508189,0.7800025955374162,0.7203039471926328,0.7188603720826958,elu,fedadam,256,1.4572569481878848,3,8.0,8.0,-8.0,0.20934299069105364,10,615,,"[615, 365]","[42, 43, 44, 45]",63,0.5934959349593496,,,1,0.002578143042334129,2,sgd,mse,120,recon,0.8099623976368026,0.0023105647931256712,0.7135651435201649,0.007479656302705302,0.808590944244046,0.7783222408508189,0.8832246206791705,0.9764148839949492,True,0.0025561785872433504,0.00010303230716097225,0.041974272826648396,True,0.7203039471926328,0.7188603720826958,0.7203039471926328,1e-08,COMPLETE
52,0.8190172597945962,elu,256,1.39557766009345,4,8.0,0.28293095850378397,710,,73,0.5445061999278407,,,1,0.0017232665724988862,2,mse,recon,0.8949130265069336,0.9761678595824054,0.002205650717033714,0.00012258806394021575,0.10506387043739307,True,1e-08,0.8517793320425032,0.8545401794366637,0.7781812280196673,0.7828002661631301,0.7271783697531805,0.7201685047117177,elu,fedadam,256,1.39557766009345,4,8.0,8.0,-8.0,0.28293095850378397,10,710,,"[710, 386]","[42, 43, 44, 45]",73,0.543661971830986,,,1,0.0017232665724988862,2,sgd,mse,120,recon,0.8190172597945962,0.005199771927760489,0.7197579023353486,0.014638406312137617,0.8149802800310852,0.7781812280196673,0.8949130265069336,0.9761678595824054,True,0.002205650717033714,0.00012258806394021575,0.10506387043739307,True,0.7271783697531805,0.7201685047117177,0.7271783697531805,1e-08,COMPLETE
53,0.7997674012731423,elu,256,1.4003257193888226,4,8.0,0.28509366610575926,691,,74,0.5429510562668602,,,1,0.0017231888994195055,2,mse,recon,0.8946345766633945,0.9800820476820895,0.0021422452336102844,0.0001266505314563811,0.11922694938025569,True,1e-08,,,,,,,elu,fedadam,256,1.4003257193888226,4,8.0,8.0,-8.0,0.28509366610575926,10,691,,"[691, 375]","[42, 43, 44, 45]",74,0.5426917510853835,,,1,0.0017231888994195055,2,sgd,mse,120,recon,,,,,,,0.8946345766633945,0.9800820476820895,True,0.0021422452336102844,0.0001266505314563811,0.11922694938025569,True,,,,1e-08,PRUNED
54,0.813208113059587,elu,256,1.6640684550850458,5,8.0,0.19203408480355644,510,,71,0.5805677974544013,,,1,0.0012328612659303637,2,mse,recon,0.8903854405123665,0.9768513740418552,0.0029244399910915535,0.0001013525403636997,0.0672636726359436,True,1e-08,0.8377101315103652,0.8382173126932246,0.7847550715883795,0.7883550190660863,0.739296441185381,0.730591889551239,elu,fedadam,256,1.6640684550850458,5,8.0,8.0,-8.0,0.19203408480355644,10,510,,"[510, 296]","[42, 43, 44, 45]",71,0.5803921568627451,,,1,0.0012328612659303637,2,sgd,mse,120,recon,0.813208113059587,0.006108904883661115,0.730398973616074,0.00392779229355507,0.8112326015493724,0.7847550715883795,0.8903854405123665,0.9768513740418552,True,0.0029244399910915535,0.0001013525403636997,0.0672636726359436,True,0.739296441185381,0.730591889551239,0.739296441185381,1e-08,COMPLETE
55,0.6377563548917001,elu,256,1.1955015148704982,5,8.0,0.18909870173543725,510,,88,0.5016405072331664,0.9289523651317049,,1,0.0012549581393711605,3,mse,recon,0.8887033163878808,0.9816976057413483,0.003086755300409016,0.00019049053603603883,0.15836682487522163,True,1e-08,,,,,,,elu,fedadam,256,1.1955015148704982,5,8.0,8.0,-8.0,0.18909870173543725,10,510,,"[510, 255, 236]","[42, 43, 44, 45]",88,0.5,0.9254901960784314,,1,0.0012549581393711605,3,sgd,mse,120,recon,,,,,,,0.8887033163878808,0.9816976057413483,True,0.003086755300409016,0.00019049053603603883,0.15836682487522163,True,,,,1e-08,PRUNED
56,0.6543128435235521,elu,256,1.6444652544566531,6,8.0,0.23120592142576563,463,,70,0.5783220000456822,,,2,0.0008747928618970767,2,mse,recon,0.8785651759658416,0.9779972898038524,0.0014627513563718363,0.00011416680481880804,0.026470862614740534,True,1e-08,,,,,,,elu,fedadam,256,1.6444652544566531,6,8.0,8.0,-8.0,0.23120592142576563,5,463,,"[463, 267]","[42, 43, 44, 45]",70,0.5766738660907127,,,2,0.0008747928618970767,2,sgd,mse,120,recon,,,,,,,0.8785651759658416,0.9779972898038524,True,0.0014627513563718363,0.00011416680481880804,0.026470862614740534,True,,,,1e-08,PRUNED
57,0.7719146504503793,elu,256,1.488658809768231,5,8.0,0.15365991979202176,642,,96,0.5305053663246013,,,1,0.0013286070623428079,2,mse,recon,0.8990219985387699,0.9756300972202483,0.002414636454691692,0.00010307875205779194,0.08245275222494636,True,1e-08,,,,,,,elu,fedadam,256,1.488658809768231,5,8.0,8.0,-8.0,0.15365991979202176,10,642,,"[642, 340]","[42, 43, 44, 45]",96,0.5295950155763239,,,1,0.0013286070623428079,2,sgd,mse,120,recon,,,,,,,0.8990219985387699,0.9756300972202483,True,0.002414636454691692,0.00010307875205779194,0.08245275222494636,True,,,,1e-08,PRUNED
58,0.6713820595795206,elu,256,1.2650217925019602,7,8.0,0.1860527419903119,774,,101,0.6273821925151585,0.5809447706851155,,2,0.001072551486412308,3,mse,recon,0.89323815557913,0.9730912481120697,0.0020035387930982416,0.00014504629539548988,0.22346701369031963,True,1e-08,,,,,,,elu,fedadam,256,1.2650217925019602,7,8.0,8.0,-8.0,0.1860527419903119,5,774,,"[774, 485, 281]","[42, 43, 44, 45]",101,0.6266149870801033,0.5793814432989691,,2,0.001072551486412308,3,sgd,mse,120,recon,,,,,,,0.89323815557913,0.9730912481120697,True,0.0020035387930982416,0.00014504629539548988,0.22346701369031963,True,,,,1e-08,PRUNED
59,0.632425594986085,elu,256,1.6860605271193123,4,8.0,0.21449681265698087,511,,115,0.5869638167941462,,,1,0.004544188360241869,2,huber,recon,0.8862049759361751,0.9798252931633914,0.004557397375365742,0.00023680059089849892,0.16337751142543322,False,1e-08,,,,,,,elu,fedadam,256,1.6860605271193123,4,8.0,8.0,-8.0,0.21449681265698087,10,511,,"[511, 299]","[42, 43, 44, 45]",115,0.5851272015655578,,,1,0.004544188360241869,2,sgd,huber,120,recon,,,,,,,0.8862049759361751,0.9798252931633914,True,0.004557397375365742,0.00023680059089849892,0.16337751142543322,False,,,,1e-08,PRUNED
60,0.6965295771308573,relu,256,0.9100837522940424,2,8.0,0.26990321583586774,717,,79,0.5463418746400012,0.7220276127976023,,2,0.005781288708422969,3,mse,recon,0.9075182924874482,0.975743231875206,0.002843171449492031,0.00018883036186296276,0.8619628522203284,True,0.0,,,,,,,relu,fedadam,256,0.9100837522940424,2,8.0,8.0,-8.0,0.26990321583586774,5,717,,"[717, 391, 282]","[42, 43, 44, 45]",79,0.5453277545327755,0.7212276214833759,,2,0.005781288708422969,3,sgd,mse,120,recon,,,,,,,0.9075182924874482,0.975743231875206,True,0.002843171449492031,0.00018883036186296276,0.8619628522203284,True,,,,0.0,PRUNED
61,0.8129099849512927,elu,256,1.84351911958578,3,8.0,0.24584358652147664,602,,66,0.608465882119362,,,1,0.0022941077174196134,2,mse,recon,0.8833778641614389,0.9767500432831449,0.0025029852186739345,0.00013070754040132453,0.04527193693072641,True,1e-08,0.835926095276804,0.8354929539450288,0.7863542237049833,0.7900589652708391,0.7410479338252035,0.7324851059430868,elu,fedadam,256,1.84351911958578,3,8.0,8.0,-8.0,0.24584358652147664,10,602,,"[602, 366]","[42, 43, 44, 45]",66,0.6079734219269103,,,1,0.0022941077174196134,2,sgd,mse,120,recon,0.8129099849512927,0.0023618805355581068,0.7338488362301743,0.005252720744792929,0.8111401594908936,0.7863542237049833,0.8833778641614389,0.9767500432831449,True,0.0025029852186739345,0.00013070754040132453,0.04527193693072641,True,0.7410479338252035,0.7324851059430868,0.7410479338252035,1e-08,COMPLETE
62,0.6920442485619288,elu,256,1.3662544237739422,5,8.0,0.2557537509620759,436,,72,0.610618809649117,,,1,0.0015706973624583648,2,mse,recon,0.8771883755937444,0.9777576537327878,0.00228489895808749,0.00015549543624157337,0.036467754369659766,True,1e-08,,,,,,,elu,fedadam,256,1.3662544237739422,5,8.0,8.0,-8.0,0.2557537509620759,10,436,,"[436, 266]","[42, 43, 44, 45]",72,0.6100917431192661,,,1,0.0015706973624583648,2,sgd,mse,120,recon,,,,,,,0.8771883755937444,0.9777576537327878,True,0.00228489895808749,0.00015549543624157337,0.036467754369659766,True,,,,1e-08,PRUNED
63,0.7775059049358254,elu,256,1.7779993943065313,4,8.0,0.20260378949196492,577,,66,0.6552373708461148,,,1,0.0022722163610229035,2,mse,recon,0.8849042943222448,0.9786640676725125,0.0033921914323201794,0.00010185367086913767,0.0840564061323188,True,1e-08,,,,,,,elu,fedadam,256,1.7779993943065313,4,8.0,8.0,-8.0,0.20260378949196492,10,577,,"[577, 378]","[42, 43, 44, 45]",66,0.6551126516464472,,,1,0.0022722163610229035,2,sgd,mse,120,recon,,,,,,,0.8849042943222448,0.9786640676725125,True,0.0033921914323201794,0.00010185367086913767,0.0840564061323188,True,,,,1e-08,PRUNED
64,0.6763192551007544,elu,256,1.068179258341681,3,6.0,0.23130190482254329,534,,56,0.5230887698535865,,,1,0.0018811840308613265,2,mse,recon,0.8925385477335013,0.9754858217611971,0.0017465295453136383,0.0001237451791116707,0.09281292114073655,True,1e-08,,,,,,,elu,fedadam,256,1.068179258341681,3,6.0,6.0,-6.0,0.23130190482254329,10,534,,"[534, 279]","[42, 43, 44, 45]",56,0.5224719101123596,,,1,0.0018811840308613265,2,sgd,mse,120,recon,,,,,,,0.8925385477335013,0.9754858217611971,True,0.0017465295453136383,0.0001237451791116707,0.09281292114073655,True,,,,1e-08,PRUNED
65,0.8119759384155532,elu,256,1.475579868763526,6,8.0,0.30898266954327913,482,5.0,77,0.5615367506561276,,,2,0.002804042774841423,2,mse,recon,0.8720591741483324,0.9741034022942159,0.0029297015022493934,0.00014221139218172928,0.13578198592769902,True,1e-08,0.8383674763520316,0.8395733251668576,0.7822179131832132,0.7819671686273735,0.7427086826195195,0.7346885784358,elu,fedadam,256,1.475579868763526,6,8.0,8.0,-8.0,0.30898266954327913,5,482,5.0,"[482, 270]","[42, 43, 44, 45]",77,0.5601659751037344,,,2,0.002804042774841423,2,sgd,mse,120,recon,0.8119759384155532,0.007465410343780873,0.733940523854012,0.0057670668072385585,0.8102926947676223,0.7822179131832132,0.8720591741483324,0.9741034022942159,True,0.0029297015022493934,0.00014221139218172928,0.13578198592769902,True,0.7427086826195195,0.7346885784358,0.7427086826195195,1e-08,COMPLETE
66,0.8023116777074031,elu,256,1.1434387011198865,5,8.0,0.342240627474231,472,5.0,85,0.558576959353186,,,2,0.002697758390676241,2,mse,recon,0.9006242891674072,0.9741860001692179,0.004023171120905611,0.00013933836323456902,0.1474097930928021,True,0.0001,0.8186835415408296,0.8210411644942713,0.7818649671365214,0.7832312141658245,0.7420119448819342,0.7274029478342845,elu,fedadam,256,1.1434387011198865,5,8.0,8.0,-8.0,0.342240627474231,5,472,5.0,"[472, 263]","[42, 43, 44, 45]",85,0.5572033898305084,,,2,0.002697758390676241,2,sgd,mse,120,recon,0.8023116777074031,0.0069839786666783706,0.7297908099158703,0.002853639217561703,0.8002742543386755,0.7818649671365214,0.9006242891674072,0.9741860001692179,True,0.004023171120905611,0.00013933836323456902,0.1474097930928021,True,0.7420119448819342,0.7274029478342845,0.7420119448819342,0.0001,COMPLETE
67,0.8059811598912203,elu,256,1.489285940875968,2,8.0,0.3176953881788269,490,5.0,77,0.5253158375950171,,,2,0.0032324384859298617,2,mse,recon,0.896037130192947,0.9722358251902297,0.0029512372085805415,0.00011748800744778966,0.11938137592287583,True,1e-08,0.8158756851654274,0.8154903954531171,0.7936424739528942,0.7966226936527291,0.7343471805901313,0.7259445016003659,elu,fedadam,256,1.489285940875968,2,8.0,8.0,-8.0,0.3176953881788269,5,490,5.0,"[490, 257]","[42, 43, 44, 45]",77,0.5244897959183673,,,2,0.0032324384859298617,2,sgd,mse,120,recon,0.8059811598912203,0.004077079161188248,0.7237798092826861,0.003995749471258654,0.8047590795591608,0.7936424739528942,0.896037130192947,0.9722358251902297,True,0.0029512372085805415,0.00011748800744778966,0.11938137592287583,True,0.7343471805901313,0.7259445016003659,0.7343471805901313,1e-08,COMPLETE
68,0.6660373341067024,elu,256,1.3010700920478695,4,8.0,0.3911263916580099,418,5.0,91,0.5880221497914495,0.6496875129849314,,1,0.0020106418002716576,3,mse,recon,0.8878724404901901,0.9746708082000238,0.0034837763797741952,0.00013779023748914404,0.0026349678719025382,True,1e-08,,,,,,,elu,fedadam,256,1.3010700920478695,4,8.0,8.0,-8.0,0.3911263916580099,10,418,5.0,"[418, 245, 159]","[42, 43, 44, 45]",91,0.5861244019138756,0.6489795918367347,,1,0.0020106418002716576,3,sgd,mse,120,recon,,,,,,,0.8878724404901901,0.9746708082000238,True,0.0034837763797741952,0.00013779023748914404,0.0026349678719025382,True,,,,1e-08,PRUNED
69,0.6376663872377177,relu,256,1.8382089790291496,3,8.0,0.36846327054456846,643,5.0,69,0.6237554262279252,,,1,0.0014811682709817012,2,mse,recon,0.8833440622671779,0.9847953202604656,0.004975740169520769,0.0002027122462818299,0.1835451165198298,True,1e-08,,,,,,,relu,fedadam,256,1.8382089790291496,3,8.0,8.0,-8.0,0.36846327054456846,10,643,5.0,"[643, 401]","[42, 43, 44, 45]",69,0.6236391912908242,,,1,0.0014811682709817012,2,sgd,mse,120,recon,,,,,,,0.8833440622671779,0.9847953202604656,True,0.004975740169520769,0.0002027122462818299,0.1835451165198298,True,,,,1e-08,PRUNED
70,0.7887707372502308,elu,128,1.5605869909566648,8,6.0,0.28345209173479563,554,,46,0.5641066406184148,,,2,0.0028741038722338284,2,mse,recon,0.8733340278317754,0.9712865653101713,0.003981711155810537,0.0001616825016986077,0.2196706828346644,True,0.0001,,,,,,,elu,fedadam,128,1.5605869909566648,8,6.0,6.0,-6.0,0.28345209173479563,5,554,,"[554, 312]","[42, 43, 44, 45]",46,0.5631768953068592,,,2,0.0028741038722338284,2,sgd,mse,120,recon,,,,,,,0.8733340278317754,0.9712865653101713,True,0.003981711155810537,0.0001616825016986077,0.2196706828346644,True,,,,0.0001,PRUNED
71,0.7372841011513978,elu,256,1.4360399510744195,6,8.0,0.3017420308203435,593,5.0,66,0.6556888134230622,,,1,0.0036237651732137052,2,mse,recon,0.8721443964135742,0.9763014597221388,0.00266193595876041,0.00018736416817558704,0.9137781757954092,True,1e-08,,,,,,,elu,fedadam,256,1.4360399510744195,6,8.0,8.0,-8.0,0.3017420308203435,10,593,5.0,"[593, 388]","[42, 43, 44, 45]",66,0.654300168634064,,,1,0.0036237651732137052,2,sgd,mse,120,recon,,,,,,,0.8721443964135742,0.9763014597221388,True,0.00266193595876041,0.00018736416817558704,0.9137781757954092,True,,,,1e-08,PRUNED
72,0.7471279149519889,relu,64,1.7039931834200184,5,8.0,0.26040292512391194,666,,58,0.716487582540526,,,4,0.004074129314937611,2,mse,recon,0.8778144964360026,0.9806955473114153,0.0023439561787111526,0.0001717672770367092,0.04305844075816491,True,1e-08,0.71929248025651,0.7210819116091909,0.765070205347348,0.7719047275473665,0.7715856793134139,0.7688944127852386,relu,fedadam,64,1.7039931834200184,5,8.0,8.0,-8.0,0.26040292512391194,2,666,,"[666, 477]","[42, 43, 44, 45]",58,0.7162162162162162,,,4,0.004074129314937611,2,sgd,mse,120,recon,0.7471279149519889,0.012967234907278729,0.7692546215149001,0.019356303801070354,0.742181342801929,0.71929248025651,0.8778144964360026,0.9806955473114153,True,0.0023439561787111526,0.0001717672770367092,0.04305844075816491,True,0.7715856793134139,0.7688944127852386,0.7715856793134139,1e-08,COMPLETE
73,0.7747291091579309,elu,256,1.31074856345632,6,8.0,0.33424728962550754,400,5.0,77,0.6157446412022705,,,1,0.0058384161276988965,2,mse,recon,0.8665483968335195,0.9771877881058654,0.0020444279158973564,0.00010042086732520912,0.10003194628408058,False,1e-08,,,,,,,elu,fedadam,256,1.31074856345632,6,8.0,8.0,-8.0,0.33424728962550754,10,400,5.0,"[400, 246]","[42, 43, 44, 45]",77,0.615,,,1,0.0058384161276988965,2,sgd,mse,120,recon,,,,,,,0.8665483968335195,0.9771877881058654,True,0.0020444279158973564,0.00010042086732520912,0.10003194628408058,False,,,,1e-08,PRUNED
74,0.6310649077225882,relu,256,0.9147892888664269,7,6.0,0.24580701768250832,534,,64,0.5877358625290492,,,1,0.004595756735213034,2,mse,recon,0.8904584543896097,0.9791701344249376,0.001552084328830617,0.00024496692761841844,0.13906471345205482,True,1e-08,,,,,,,relu,fedadam,256,0.9147892888664269,7,6.0,6.0,-6.0,0.24580701768250832,10,534,,"[534, 313]","[42, 43, 44, 45]",64,0.5861423220973783,,,1,0.004595756735213034,2,sgd,mse,120,recon,,,,,,,0.8904584543896097,0.9791701344249376,True,0.001552084328830617,0.00024496692761841844,0.13906471345205482,True,,,,1e-08,PRUNED
75,0.631575577063117,elu,256,0.720935789293271,4,8.0,0.22186100498616076,304,,71,0.5500829465629393,0.7429085647367004,0.5031942475300144,1,0.0022930563278968715,4,mse,recon,0.8786936064796845,0.9751700835502441,0.003243753624448054,0.00013322415371766158,0.051541409912459105,True,0.0,,,,,,,elu,fedadam,256,0.720935789293271,4,8.0,8.0,-8.0,0.22186100498616076,10,304,,"[304, 167, 124, 62]","[42, 43, 44, 45]",71,0.5493421052631579,0.7425149700598802,0.5,1,0.0022930563278968715,4,sgd,mse,120,recon,,,,,,,0.8786936064796845,0.9751700835502441,True,0.003243753624448054,0.00013322415371766158,0.051541409912459105,True,,,,0.0,PRUNED
76,0.5641120380719591,relu,64,1.8379126061858242,6,3.0,0.15268440769860214,767,2.0,81,,,,1,0.0016650956624998986,1,huber,recon,0.8701608171620647,0.9731119277334846,0.017630894286453758,0.00011233163209094891,0.8810065840504847,False,1e-10,,,,,,,relu,fedadam,64,1.8379126061858242,6,3.0,3.0,-3.0,0.15268440769860214,10,767,2.0,[767],"[42, 43, 44, 45]",81,,,,1,0.0016650956624998986,1,sgd,huber,120,recon,,,,,,,0.8701608171620647,0.9731119277334846,True,0.017630894286453758,0.00011233163209094891,0.8810065840504847,False,,,,1e-10,PRUNED
77,0.6973811827183074,elu,256,1.237386774758754,4,8.0,0.18469637642356135,876,5.0,54,0.6387738168820077,,,2,0.0033515980347677797,2,mse,recon+kl,0.8642926133015594,0.978264289155686,0.001923302110013453,0.0003014245214916785,0.8400475231085989,True,1e-08,,,,,,,elu,fedadam,256,1.237386774758754,4,8.0,8.0,-8.0,0.18469637642356135,5,876,5.0,"[876, 559]","[42, 43, 44, 45]",54,0.6381278538812786,,,2,0.0033515980347677797,2,sgd,mse,120,recon+kl,,,,,,,0.8642926133015594,0.978264289155686,True,0.001923302110013453,0.0003014245214916785,0.8400475231085989,True,,,,1e-08,PRUNED
78,0.6555232024815549,elu,512,1.1373340756899863,5,6.0,0.2731400596752383,632,,73,0.5126383588324462,0.8151552767254397,,1,0.0009549449302755955,3,mse,recon,0.8851242417587126,0.9738258857139115,0.010165275570819005,0.00015231139424253808,0.24285496511576574,True,1e-08,,,,,,,elu,fedadam,512,1.1373340756899863,5,6.0,6.0,-6.0,0.2731400596752383,10,632,,"[632, 323, 263]","[42, 43, 44, 45]",73,0.5110759493670886,0.8142414860681114,,1,0.0009549449302755955,3,sgd,mse,120,recon,,,,,,,0.8851242417587126,0.9738258857139115,True,0.010165275570819005,0.00015231139424253808,0.24285496511576574,True,,,,1e-08,PRUNED
79,0.7409188531746704,relu,128,0.6311529301742788,8,8.0,0.28958723799857056,562,5.0,87,,,,1,0.0025620195624618826,1,huber,recon+kl,0.8806229300007798,0.9764418592654039,0.002884904895974109,0.00020401418312220753,0.9233454911440659,False,1e-08,,,,,,,relu,fedadam,128,0.6311529301742788,8,8.0,8.0,-8.0,0.28958723799857056,10,562,5.0,[562],"[42, 43, 44, 45]",87,,,,1,0.0025620195624618826,1,sgd,huber,120,recon+kl,,,,,,,0.8806229300007798,0.9764418592654039,True,0.002884904895974109,0.00020401418312220753,0.9233454911440659,False,,,,1e-08,PRUNED
