number,value,params_activation,params_batch_size,params_beta,params_beta_warmup_rounds,params_clip_abs,params_dropout,params_first_layer,params_grad_clip,params_latent_dim,params_layer_1_dropoff,params_layer_2_dropoff,params_layer_3_dropoff,params_local_epochs,params_lr,params_n_layers,params_recon_type,params_score_type,params_server_beta1,params_server_beta2,params_server_lr,params_server_tau,params_sgd_momentum,params_sgd_nesterov,params_weight_decay,user_attrs_NF-BoT-IoT-v3__test_auroc,user_attrs_NF-BoT-IoT-v3__val_auroc,user_attrs_NF-CICIDS2018-v3__test_auroc,user_attrs_NF-CICIDS2018-v3__val_auroc,user_attrs_NF-ToN-IoT-v3__test_auroc,user_attrs_NF-ToN-IoT-v3__val_auroc,user_attrs_activation,user_attrs_aggregation_method,user_attrs_batch_size,user_attrs_beta,user_attrs_beta_warmup_rounds,user_attrs_clip_abs,user_attrs_clip_max,user_attrs_clip_min,user_attrs_dropout,user_attrs_early_stop_patience,user_attrs_first_layer,user_attrs_grad_clip,user_attrs_hidden_dims,user_attrs_hpo_seeds,user_attrs_latent_dim,user_attrs_layer_1_dropoff,user_attrs_layer_2_dropoff,user_attrs_layer_3_dropoff,user_attrs_local_epochs,user_attrs_lr,user_attrs_n_layers,user_attrs_optimizer,user_attrs_recon_type,user_attrs_rounds,user_attrs_score_type,user_attrs_seed_seen_obj_mean,user_attrs_seed_seen_obj_std,user_attrs_seed_unseen_val_obj_mean,user_attrs_seed_unseen_val_obj_std,user_attrs_seen_test_mean,user_attrs_seen_test_min,user_attrs_server_beta1,user_attrs_server_beta2,user_attrs_server_bias_correction,user_attrs_server_lr,user_attrs_server_tau,user_attrs_sgd_momentum,user_attrs_sgd_nesterov,user_attrs_unseen__test_auroc,user_attrs_unseen__val_auroc,user_attrs_unseen_test_auroc,user_attrs_weight_decay,state
0,0.796130620567476,relu,512,0.870804191700653,5,6.0,0.1692425840497844,338,5.0,95,0.6134257267821015,0.7756573845414456,,1,0.004307355413840528,3,mse,recon,0.8817285481820321,0.9803706552988408,0.006483081872184876,0.00015719263179900134,0.8069602043739,False,0.0001,0.5255535045282543,0.5228643090201923,0.7894614736160741,0.7966425247581577,0.8015575952927982,0.7946644124183118,relu,fedadam,512,0.870804191700653,5,6.0,6.0,-6.0,0.1692425840497844,10,338,5.0,"[338, 207, 160]","[42, 43, 44, 45]",95,0.6124260355029586,0.7729468599033816,,1,0.004307355413840528,3,sgd,mse,120,recon,0.796130620567476,0.0016140474739298385,0.522491531280048,0.004337788016770758,0.7955095344544362,0.7894614736160741,0.8817285481820321,0.9803706552988408,True,0.006483081872184876,0.00015719263179900134,0.8069602043739,False,0.5255535045282543,0.5228643090201923,0.5255535045282543,0.0001,COMPLETE
1,0.7121272560712291,relu,64,0.5556274239180459,1,8.0,0.0482514663961295,304,5.0,82,0.7415171321313522,0.9927798928053525,0.7597425596299047,5,0.00042546253279906115,4,mse,recon+kl,0.8543591463799041,0.9776192018352774,0.012446232584140782,0.000404769467477543,0.7254986993711713,False,1e-06,0.5436160363991488,0.5430946532634855,0.6513275697584492,0.6547737366424495,0.7693462209351555,0.7695653627354683,relu,fedadam,64,0.5556274239180459,1,8.0,8.0,-8.0,0.0482514663961295,2,304,5.0,"[304, 225, 223, 169]","[42, 43, 44, 45]",82,0.7401315789473685,0.9911111111111112,0.757847533632287,5,0.00042546253279906115,4,sgd,mse,120,recon+kl,0.7121272560712291,0.0007874967737751368,0.5429715357631422,0.0042650496578872776,0.7103368953468023,0.6513275697584492,0.8543591463799041,0.9776192018352774,True,0.012446232584140782,0.000404769467477543,0.7254986993711713,False,0.5436160363991488,0.5430946532634855,0.5436160363991488,1e-06,COMPLETE
2,0.7764130772512847,leakyrelu,256,0.1669485269677149,13,5.0,0.30501912551417354,741,2.0,51,0.9976792410170088,,,1,0.010853370168215953,2,mse,recon+kl,0.9231073035844557,0.9740267253607303,0.011217354980526924,0.00046775979691543104,0.36559592071197305,True,1e-06,0.5163920265843245,0.5158064641700584,0.7502520129233536,0.7532017606375874,0.8064436127434654,0.7992265222056635,leakyrelu,fedadam,256,0.1669485269677149,13,5.0,5.0,-5.0,0.30501912551417354,10,741,2.0,"[741, 739]","[42, 43, 44, 45]",51,0.9973009446693657,,,1,0.010853370168215953,2,sgd,mse,120,recon+kl,0.7764130772512847,0.025339791400479962,0.5168609232962831,0.010504377059896628,0.7783478128334096,0.7502520129233536,0.9231073035844557,0.9740267253607303,True,0.011217354980526924,0.00046775979691543104,0.36559592071197305,True,0.5163920265843245,0.5158064641700584,0.5163920265843245,1e-06,COMPLETE
3,0.6719887238188247,leakyrelu,512,0.7328565928887313,14,3.0,0.08181714381857108,896,1.0,59,0.9917608046017778,0.5396828951890078,,5,0.0009993966620314018,3,huber,recon,0.9409871659610208,0.9732157799377344,0.013124747754078651,0.0024872007887857053,0.2911462656630794,False,0.0,0.5341728809030541,0.5324169039931056,0.5411624432439349,0.5445313279131644,0.8018893254378191,0.7994704639132095,leakyrelu,fedadam,512,0.7328565928887313,14,3.0,3.0,-3.0,0.08181714381857108,2,896,1.0,"[896, 888, 479]","[42, 43, 44, 45]",59,0.9910714285714286,0.5394144144144144,,5,0.0009993966620314018,3,sgd,huber,120,recon,0.6719887238188247,0.0006408540205382655,0.5324017329769438,0.0016188697109828683,0.671525884340877,0.5411624432439349,0.9409871659610208,0.9732157799377344,True,0.013124747754078651,0.0024872007887857053,0.2911462656630794,False,0.5341728809030541,0.5324169039931056,0.5341728809030541,0.0,COMPLETE
4,0.7504626645408428,gelu,512,0.4123575980714199,1,4.0,0.16972274443239677,197,1.0,56,,,,7,0.00033931085505415384,1,mse,recon,0.8681628842673824,0.9780329724876607,0.0034313411986645376,0.0006565218934825244,0.6041053413837884,True,1e-05,0.5394797446941428,0.5344029546553617,0.7132397105228991,0.716839407502432,0.7864086229703767,0.7830028256899637,gelu,fedadam,512,0.4123575980714199,1,4.0,4.0,-4.0,0.16972274443239677,2,197,1.0,[197],"[42, 43, 44, 45]",56,,,,7,0.00033931085505415384,1,sgd,mse,120,recon,0.7504626645408428,0.008754570711361155,0.5337508214693635,0.013113677924222328,0.7498241667466379,0.7132397105228991,0.8681628842673824,0.9780329724876607,True,0.0034313411986645376,0.0006565218934825244,0.6041053413837884,True,0.5394797446941428,0.5344029546553617,0.5394797446941428,1e-05,COMPLETE
5,0.684792069169014,elu,128,0.3077000913594334,1,4.0,0.36735898712225323,243,2.0,118,0.7086455304516721,0.9945172536976497,0.6182999058527596,7,0.004163440610914538,4,huber,recon,0.8567448635130052,0.9948258315273698,0.002224602756710979,0.000712859168184597,0.0052681379865593125,True,0.0001,0.5385544020879081,0.5360701640680715,0.5755655754825089,0.5782582609123119,0.7918380027133773,0.7914051430450416,elu,fedadam,128,0.3077000913594334,1,4.0,4.0,-4.0,0.36735898712225323,2,243,2.0,"[243, 172, 171, 105]","[42, 43, 44, 45]",118,0.7078189300411523,0.9941860465116279,0.6140350877192983,7,0.004163440610914538,4,sgd,huber,120,recon,0.684792069169014,0.0013703755631339605,0.5360345739225991,0.00159428142206888,0.6837017890979431,0.5755655754825089,0.8567448635130052,0.9948258315273698,True,0.002224602756710979,0.000712859168184597,0.0052681379865593125,True,0.5385544020879081,0.5360701640680715,0.5385544020879081,0.0001,COMPLETE
6,0.7358990696991763,elu,256,0.8414544804704812,15,4.0,0.042178346442180326,423,5.0,33,,,,7,0.00032101118562083083,1,huber,recon+kl,0.8584822277445233,0.9756374602612505,0.008675259861152694,0.0001030732107016105,0.1206101294841633,False,0.0001,,,,,,,elu,fedadam,256,0.8414544804704812,15,4.0,4.0,-4.0,0.042178346442180326,2,423,5.0,[423],"[42, 43, 44, 45]",33,,,,7,0.00032101118562083083,1,sgd,huber,120,recon+kl,,,,,,,0.8584822277445233,0.9756374602612505,True,0.008675259861152694,0.0001030732107016105,0.1206101294841633,False,,,,0.0001,PRUNED
7,0.6722013532546416,gelu,128,0.7689094984332621,14,3.0,0.2643807180118413,413,,77,0.7699799676062793,0.7840516069094892,0.61273168015298,4,0.0014333044550799052,4,mse,recon+kl,0.9382276101196616,0.9905575953680932,0.002738973408839841,0.00035952815491782604,0.8142954049776814,True,1e-10,0.5325571229920161,0.5304133008179648,0.5421873171245727,0.5456241702983022,0.8008960543127083,0.7989494600529504,gelu,fedadam,128,0.7689094984332621,14,3.0,3.0,-3.0,0.2643807180118413,2,413,,"[413, 318, 249, 152]","[42, 43, 44, 45]",77,0.7699757869249395,0.7830188679245284,0.6104417670682731,4,0.0014333044550799052,4,sgd,mse,120,recon+kl,0.6722013532546416,0.0004142070330871455,0.5304132126143823,0.0013904844998867487,0.6715416857186405,0.5421873171245727,0.9382276101196616,0.9905575953680932,True,0.002738973408839841,0.00035952815491782604,0.8142954049776814,True,0.5325571229920161,0.5304133008179648,0.5325571229920161,1e-10,COMPLETE
8,0.761901823885436,elu,64,1.0277815600859523,3,5.0,0.12042134328047993,985,5.0,22,0.711271676554029,0.6225165192778381,,3,0.01382824304142762,3,mse,recon,0.944436553961859,0.9822797620243646,0.0012993318822468673,0.0003883236376614348,0.5516775527247312,True,0.0001,0.5486616011937354,0.5482919611490269,0.7376786981057164,0.7379930962468082,0.7987831951241999,0.785313259726856,elu,fedadam,64,1.0277815600859523,3,5.0,5.0,-5.0,0.12042134328047993,3,985,5.0,"[985, 700, 435]","[42, 43, 44, 45]",22,0.7106598984771574,0.6214285714285714,,3,0.01382824304142762,3,sgd,mse,120,recon,0.761901823885436,0.009990640416318934,0.5474522483445952,0.004414782351952289,0.7682309466149582,0.7376786981057164,0.944436553961859,0.9822797620243646,True,0.0012993318822468673,0.0003883236376614348,0.5516775527247312,True,0.5486616011937354,0.5482919611490269,0.5486616011937354,0.0001,COMPLETE
9,0.6721558108049623,gelu,512,0.16396697835375967,5,3.0,0.08721417581978984,410,5.0,58,0.6053263137770316,,,7,0.004014918056963141,2,huber,recon,0.8684886031025308,0.9938454600828619,0.0022552953923792828,0.0004756372275034051,0.3504310995968805,False,1e-10,0.5336616670524102,0.5317726209259352,0.54120835614866,0.544578502129117,0.8021053512995797,0.7999010738021719,gelu,fedadam,512,0.16396697835375967,5,3.0,3.0,-3.0,0.08721417581978984,2,410,5.0,"[410, 248]","[42, 43, 44, 45]",58,0.6048780487804878,,,7,0.004014918056963141,2,sgd,huber,120,recon,0.6721558108049623,0.00019522849732547888,0.531985691379664,0.0016738558643945788,0.6716568537241199,0.54120835614866,0.8684886031025308,0.9938454600828619,True,0.0022552953923792828,0.0004756372275034051,0.3504310995968805,False,0.5336616670524102,0.5317726209259352,0.5336616670524102,1e-10,COMPLETE
10,0.7175178547571602,relu,512,1.881242354304735,9,6.0,0.21819743030341407,78,,110,0.5293378065290024,0.7858680748824882,,1,0.0065356418161088715,3,mse,recon,0.8932555880693748,0.9844407985150414,0.006792421801981294,0.00010178744576820926,0.9454860444417856,False,1e-08,,,,,,,relu,fedadam,512,1.881242354304735,9,6.0,6.0,-6.0,0.21819743030341407,10,78,,"[78, 41, 32]","[42, 43, 44, 45]",110,0.5256410256410257,0.7804878048780488,,1,0.0065356418161088715,3,sgd,mse,120,recon,,,,,,,0.8932555880693748,0.9844407985150414,True,0.006792421801981294,0.00010178744576820926,0.9454860444417856,False,,,,1e-08,PRUNED
11,0.7258860226252775,leakyrelu,256,0.10374848100380465,9,5.0,0.32054445268164433,624,2.0,104,0.9852200601013981,,,1,0.018159546882195857,2,mse,recon+kl,0.9135555117217683,0.9711914693109126,0.005348197217650832,0.00020165612566899632,0.3772840603262459,True,1e-06,,,,,,,leakyrelu,fedadam,256,0.10374848100380465,9,5.0,5.0,-5.0,0.32054445268164433,10,624,2.0,"[624, 614]","[42, 43, 44, 45]",104,0.9839743589743589,,,1,0.018159546882195857,2,sgd,mse,120,recon+kl,,,,,,,0.9135555117217683,0.9711914693109126,True,0.005348197217650832,0.00020165612566899632,0.3772840603262459,True,,,,1e-06,PRUNED
12,0.7180637908300262,leakyrelu,256,0.24504112413272375,11,6.0,0.27447904702784975,695,2.0,91,0.8949049724359346,,,2,0.008855625247666234,2,mse,recon+kl,0.9023062517153226,0.9823923201634709,0.019553500297264447,0.0014204075097797653,0.21014307146261918,False,1e-06,0.536581135064852,0.536108150410864,0.6377429009052746,0.6432033671188335,0.7964775675945213,0.7928895799345552,leakyrelu,fedadam,256,0.24504112413272375,11,6.0,6.0,-6.0,0.27447904702784975,5,695,2.0,"[695, 621]","[42, 43, 44, 45]",91,0.8935251798561151,,,2,0.008855625247666234,2,sgd,mse,120,recon+kl,0.7180637908300262,0.005713296550044267,0.5354605156075651,0.0040959280905547325,0.717110234249898,0.6377429009052746,0.9023062517153226,0.9823923201634709,True,0.019553500297264447,0.0014204075097797653,0.21014307146261918,False,0.536581135064852,0.536108150410864,0.536581135064852,1e-06,COMPLETE
13,0.707856416563645,relu,256,1.7680638952515997,6,5.0,0.17978808679224537,721,2.0,34,0.852023530888813,,,2,0.0023676604762512604,2,mse,recon+kl,0.9226414277681988,0.9869462878078686,0.009364875804075417,0.00021164660984852022,0.46920271926858204,True,0.0,,,,,,,relu,fedadam,256,1.7680638952515997,6,5.0,5.0,-5.0,0.17978808679224537,5,721,2.0,"[721, 614]","[42, 43, 44, 45]",34,0.8515950069348127,,,2,0.0023676604762512604,2,sgd,mse,120,recon+kl,,,,,,,0.9226414277681988,0.9869462878078686,True,0.009364875804075417,0.00021164660984852022,0.46920271926858204,True,,,,0.0,PRUNED
14,0.7193170902320295,leakyrelu,512,0.17057474480419882,11,6.0,0.38764980867512683,850,5.0,8,0.6243545573738416,0.6797149528701024,,3,0.009182177541226785,3,mse,recon,0.8873259398026714,0.979515306391753,0.00443431840987974,0.0012031375347202466,0.7514313440822908,False,1e-05,0.5409109665983618,0.5403498459847847,0.6496097497182189,0.6533695797134584,0.785112693600983,0.7860523028426486,leakyrelu,fedadam,512,0.17057474480419882,11,6.0,6.0,-6.0,0.38764980867512683,3,850,5.0,"[850, 530, 360]","[42, 43, 44, 45]",8,0.6235294117647059,0.6792452830188679,,3,0.009182177541226785,3,sgd,mse,120,recon,0.7193170902320295,0.005694597033148367,0.5401454341827221,0.001985473787710264,0.717361221659601,0.6496097497182189,0.8873259398026714,0.979515306391753,True,0.00443431840987974,0.0012031375347202466,0.7514313440822908,False,0.5409109665983618,0.5403498459847847,0.5409109665983618,1e-05,COMPLETE
15,0.7674841845096634,relu,256,1.2683711258457415,4,8.0,0.24018235696195628,512,2.0,47,,,,1,0.00385497814775382,1,mse,recon+kl,0.8813437193721777,0.9743149650966358,0.018937344105923303,0.00018722321532076803,0.9385127156766905,True,1e-08,,,,,,,relu,fedadam,256,1.2683711258457415,4,8.0,8.0,-8.0,0.24018235696195628,10,512,2.0,[512],"[42, 43, 44, 45]",47,,,,1,0.00385497814775382,1,sgd,mse,120,recon+kl,,,,,,,0.8813437193721777,0.9743149650966358,True,0.018937344105923303,0.00018722321532076803,0.9385127156766905,True,,,,1e-08,PRUNED
16,0.794272707659458,leakyrelu,64,0.495580477246397,7,5.0,0.33212205012645135,545,,127,0.51601066688638,,,2,0.002252956618367752,2,mse,recon,0.9251958116105337,0.9708505259489338,0.0066608777649189215,0.0002359796148883931,0.6092836360588225,False,0.0001,0.5055128885426605,0.5016323689976874,0.7768969368189507,0.7788921418370054,0.8150367773656907,0.8080277843636453,leakyrelu,fedadam,64,0.495580477246397,7,5.0,5.0,-5.0,0.33212205012645135,5,545,,"[545, 281]","[42, 43, 44, 45]",127,0.5155963302752293,,,2,0.002252956618367752,2,sgd,mse,120,recon,0.794272707659458,0.03266365531275226,0.5017111641979072,0.0025282180044198014,0.7959668570923206,0.7768969368189507,0.9251958116105337,0.9708505259489338,True,0.0066608777649189215,0.0002359796148883931,0.6092836360588225,False,0.5055128885426605,0.5016323689976874,0.5055128885426605,0.0001,COMPLETE
17,0.7374586780917354,relu,64,0.4985963995723979,7,6.0,0.15416985254018176,530,,124,0.5119638088504386,0.9021974219324538,,3,0.001633010932545078,3,mse,recon,0.9057200615683081,0.9703761869650555,0.005224234047418285,0.00015140115805205772,0.721426440221554,False,0.0001,0.5508742550913459,0.5479790736412886,0.6779517105379524,0.6822679693042125,0.7947257738864709,0.7912139911815235,relu,fedadam,64,0.4985963995723979,7,6.0,6.0,-6.0,0.15416985254018176,3,530,,"[530, 271, 244]","[42, 43, 44, 45]",124,0.5113207547169811,0.9003690036900369,,3,0.001633010932545078,3,sgd,mse,120,recon,0.7374586780917354,0.011315064530257853,0.5489466228377187,0.013416403608312543,0.7363387422122116,0.6779517105379524,0.9057200615683081,0.9703761869650555,True,0.005224234047418285,0.00015140115805205772,0.721426440221554,False,0.5508742550913459,0.5479790736412886,0.5508742550913459,0.0001,COMPLETE
18,0.697679134419437,relu,64,0.36421183392366047,8,5.0,0.0015058045513411111,94,,100,0.5880665512476763,,,2,0.0006536458840537585,2,huber,recon,0.9304466537163282,0.98743653225207,0.007055810554326675,0.0002741970376057854,0.6123338492007893,False,0.0001,,,,,,,relu,fedadam,64,0.36421183392366047,8,5.0,5.0,-5.0,0.0015058045513411111,5,94,,"[94, 55]","[42, 43, 44, 45]",100,0.5851063829787234,,,2,0.0006536458840537585,2,sgd,huber,120,recon,,,,,,,0.9304466537163282,0.98743653225207,True,0.007055810554326675,0.0002741970376057854,0.6123338492007893,False,,,,0.0001,PRUNED
19,0.706075814095544,leakyrelu,64,0.5831122698470594,3,6.0,0.3399894333771858,314,,92,0.6411945081279448,0.8586275564565087,,4,0.002440554865175075,3,mse,recon,0.8785498540258772,0.9800333422588954,0.0010178815105848739,0.004413285901405695,0.8379289631047416,False,0.0001,0.5532099141767384,0.5525887104589221,0.6206190809516013,0.6253253683146389,0.7869857801712703,0.786989715815114,leakyrelu,fedadam,64,0.5831122698470594,3,6.0,6.0,-6.0,0.3399894333771858,2,314,,"[314, 201, 172]","[42, 43, 44, 45]",92,0.6401273885350318,0.8557213930348259,,4,0.002440554865175075,3,sgd,mse,120,recon,0.706075814095544,0.0006467157494056575,0.5526288136876906,0.0006860194508067767,0.7038024305614359,0.6206190809516013,0.8785498540258772,0.9800333422588954,True,0.0010178815105848739,0.004413285901405695,0.8379289631047416,False,0.5532099141767384,0.5525887104589221,0.5532099141767384,0.0001,COMPLETE
20,0.6982992350044501,relu,128,1.2922790711715566,6,8.0,0.1384904497709468,614,1.0,126,0.5727559609321746,0.6877569627375367,0.991278621167565,2,0.005958356311941766,4,mse,recon,0.9181124435659656,0.9868496078900143,0.003715978616580807,0.0001451799785359852,0.48190631186716304,False,0.0001,,,,,,,relu,fedadam,128,1.2922790711715566,6,8.0,8.0,-8.0,0.1384904497709468,5,614,1.0,"[614, 351, 241, 238]","[42, 43, 44, 45]",126,0.5716612377850163,0.6866096866096866,0.9875518672199171,2,0.005958356311941766,4,sgd,mse,120,recon,,,,,,,0.9181124435659656,0.9868496078900143,True,0.003715978616580807,0.0001451799785359852,0.48190631186716304,False,,,,0.0001,PRUNED
21,0.7756096455203871,leakyrelu,64,0.21954013298341762,11,5.0,0.30007643938200484,795,5.0,74,0.6673228643226362,,,1,0.010570114446462626,2,mse,recon+kl,0.9257513697459775,0.9721081612682932,0.011820119519629248,0.0002894486175917471,0.4679686918596144,True,1e-06,,,,,,,leakyrelu,fedadam,64,0.21954013298341762,11,5.0,5.0,-5.0,0.30007643938200484,10,795,5.0,"[795, 530]","[42, 43, 44, 45]",74,0.6666666666666666,,,1,0.010570114446462626,2,sgd,mse,120,recon+kl,,,,,,,0.9257513697459775,0.9721081612682932,True,0.011820119519629248,0.0002894486175917471,0.4679686918596144,True,,,,1e-06,PRUNED
22,0.7925868872908751,leakyrelu,256,0.11190614526696742,9,5.0,0.2117169762336348,642,2.0,112,0.8136149607902059,,,1,0.005456411138453296,2,mse,recon,0.9134675803867814,0.9747393976920595,0.006771267651450555,0.000539855212268238,0.6542622464182563,False,1e-06,0.5107266187591849,0.5055675865241862,0.7847488056058903,0.7921226203849534,0.79912963997885,0.7933244382960667,leakyrelu,fedadam,256,0.11190614526696742,9,5.0,5.0,-5.0,0.2117169762336348,10,642,2.0,"[642, 522]","[42, 43, 44, 45]",112,0.8130841121495327,,,1,0.005456411138453296,2,sgd,mse,120,recon,0.7925868872908751,0.0025613029167547386,0.5060951321501351,0.010290436335923029,0.7919392227923702,0.7847488056058903,0.9134675803867814,0.9747393976920595,True,0.006771267651450555,0.000539855212268238,0.6542622464182563,False,0.5107266187591849,0.5055675865241862,0.5107266187591849,1e-06,COMPLETE
23,0.8279775971133201,leakyrelu,512,0.11653879452542114,9,5.0,0.20394369000858714,590,,112,,,,2,0.0029925239168927353,1,mse,recon,0.9064630138243981,0.9762142030994014,0.0072548341272315395,0.0006736503774815894,0.6422010595428368,False,0.0001,0.5407537431248248,0.5411183343964805,0.824672400134728,0.8242907755752754,0.8416250533925684,0.831577494020973,leakyrelu,fedadam,512,0.11653879452542114,9,5.0,5.0,-5.0,0.20394369000858714,5,590,,[590],"[42, 43, 44, 45]",112,,,,2,0.0029925239168927353,1,sgd,mse,120,recon,0.8279775971133201,0.004497548072850984,0.5412277950421589,0.008646698997473664,0.8331487267636482,0.824672400134728,0.9064630138243981,0.9762142030994014,True,0.0072548341272315395,0.0006736503774815894,0.6422010595428368,False,0.5407537431248248,0.5411183343964805,0.5407537431248248,0.0001,COMPLETE
24,0.7252180862974441,leakyrelu,512,0.32653673642614706,7,5.0,0.19491762437651594,515,,128,,,,3,0.0014932762394812135,1,mse,recon,0.896418019109968,0.9766324453290759,0.0056736993402585,0.0011665595973574052,0.8388489500432665,False,0.0001,,,,,,,leakyrelu,fedadam,512,0.32653673642614706,7,5.0,5.0,-5.0,0.19491762437651594,3,515,,[515],"[42, 43, 44, 45]",128,,,,3,0.0014932762394812135,1,sgd,mse,120,recon,,,,,,,0.896418019109968,0.9766324453290759,True,0.0056736993402585,0.0011665595973574052,0.8388489500432665,False,,,,0.0001,PRUNED
25,0.808865145072548,leakyrelu,512,0.6305912706566901,5,6.0,0.2532934316438097,453,,95,,,,2,0.0030458875555410994,1,mse,recon,0.9084055011868594,0.9799963208238558,0.008665791152652438,0.000826156991974861,0.6507080710015103,False,0.0001,0.5299179212744218,0.5313404380730881,0.7921007976426357,0.7897820501240965,0.8360025007479663,0.8251079376638235,leakyrelu,fedadam,512,0.6305912706566901,5,6.0,6.0,-6.0,0.2532934316438097,5,453,,[453],"[42, 43, 44, 45]",95,,,,2,0.0030458875555410994,1,sgd,mse,120,recon,0.808865145072548,0.005374913701930901,0.5308748113619386,0.012656240780494227,0.814051649195301,0.7921007976426357,0.9084055011868594,0.9799963208238558,True,0.008665791152652438,0.000826156991974861,0.6507080710015103,False,0.5299179212744218,0.5313404380730881,0.5299179212744218,0.0001,COMPLETE
26,0.7580220570110323,gelu,512,0.973846926769053,3,6.0,0.23176604566732367,366,,90,,,,6,0.0033490101105967686,1,huber,recon,0.9073017012000729,0.9806898071500794,0.008818660603044207,0.000785820008670298,0.6911714642176459,False,0.0001,,,,,,,gelu,fedadam,512,0.973846926769053,3,6.0,6.0,-6.0,0.23176604566732367,2,366,,[366],"[42, 43, 44, 45]",90,,,,6,0.0033490101105967686,1,sgd,huber,120,recon,,,,,,,0.9073017012000729,0.9806898071500794,True,0.008818660603044207,0.000785820008670298,0.6911714642176459,False,,,,0.0001,PRUNED
27,0.7746101445762559,elu,512,0.6442615571136486,5,6.0,0.26520194488963345,477,,101,,,,8,0.003068729624553718,1,mse,recon,0.8868470727052011,0.9839621101850651,0.015077165703885582,0.0019175217379694795,0.7898812466104145,False,0.0001,0.5184699148165084,0.5221076986909179,0.747675169962423,0.7506882819541586,0.80445269559556,0.800226515619796,elu,fedadam,512,0.6442615571136486,5,6.0,6.0,-6.0,0.26520194488963345,2,477,,[477],"[42, 43, 44, 45]",101,,,,8,0.003068729624553718,1,sgd,mse,120,recon,0.7746101445762559,0.018555548886315516,0.5220389586990842,0.009476211566903408,0.7760639327789915,0.747675169962423,0.8868470727052011,0.9839621101850651,True,0.015077165703885582,0.0019175217379694795,0.7898812466104145,False,0.5184699148165084,0.5221076986909179,0.5184699148165084,0.0001,COMPLETE
28,0.718820445261092,leakyrelu,512,1.3707128842602987,5,6.0,0.12311921589872057,180,,85,,,,4,0.0008795779481240694,1,mse,recon,0.8736880020517598,0.9790757272139118,0.004242801577238321,0.0009093660208789238,0.5328213926389195,False,1e-08,,,,,,,leakyrelu,fedadam,512,1.3707128842602987,5,6.0,6.0,-6.0,0.12311921589872057,2,180,,[180],"[42, 43, 44, 45]",85,,,,4,0.0008795779481240694,1,sgd,mse,120,recon,,,,,,,0.8736880020517598,0.9790757272139118,True,0.004242801577238321,0.0009093660208789238,0.5328213926389195,False,,,,1e-08,PRUNED
29,0.7524701413233077,relu,512,0.6532650377539507,0,6.0,0.18397320730883804,311,5.0,114,,,,2,0.005133718729831268,1,mse,recon,0.8924799932775028,0.977472943579657,0.009557322514994849,0.0029929129351994434,0.6780117929367021,False,1e-10,,,,,,,relu,fedadam,512,0.6532650377539507,0,6.0,6.0,-6.0,0.18397320730883804,5,311,5.0,[311],"[42, 43, 44, 45]",114,,,,2,0.005133718729831268,1,sgd,mse,120,recon,,,,,,,0.8924799932775028,0.977472943579657,True,0.009557322514994849,0.0029929129351994434,0.6780117929367021,False,,,,1e-10,PRUNED
30,0.7341589012232779,relu,512,1.0059796019874387,10,8.0,0.24759332923445315,256,5.0,70,0.9122152475584246,0.5041640864019264,0.9872938496214982,3,0.0018029077963275138,4,mse,recon,0.9104872195541652,0.9840226568176211,0.015286684033039184,0.0016800480640398563,0.8613063975579622,False,0.0,,,,,,,relu,fedadam,512,1.0059796019874387,10,8.0,8.0,-8.0,0.24759332923445315,3,256,5.0,"[256, 233, 117, 115]","[42, 43, 44, 45]",70,0.91015625,0.5021459227467812,0.9829059829059829,3,0.0018029077963275138,4,sgd,mse,120,recon,,,,,,,0.9104872195541652,0.9840226568176211,True,0.015286684033039184,0.0016800480640398563,0.8613063975579622,False,,,,0.0,PRUNED
31,0.7455572149589512,leakyrelu,64,0.4854783858493432,6,5.0,0.34217569463082453,597,,107,,,,2,0.0021317794547913403,1,mse,recon,0.899461343966533,0.9763694315564546,0.007080234191630722,0.0003043152642644952,0.5954018272937801,False,0.0001,,,,,,,leakyrelu,fedadam,64,0.4854783858493432,6,5.0,5.0,-5.0,0.34217569463082453,5,597,,[597],"[42, 43, 44, 45]",107,,,,2,0.0021317794547913403,1,sgd,mse,120,recon,,,,,,,0.899461343966533,0.9763694315564546,True,0.007080234191630722,0.0003043152642644952,0.5954018272937801,False,,,,0.0001,PRUNED
32,0.7672681445353293,leakyrelu,512,0.4302685203621334,8,5.0,0.29401090277486375,465,,97,0.5482915641406412,,,2,0.0031465022996976415,2,mse,recon,0.9317942707111867,0.9728613129087217,0.00807657736734518,0.000967973149395567,0.6652637567668447,False,0.0001,,,,,,,leakyrelu,fedadam,512,0.4302685203621334,8,5.0,5.0,-5.0,0.29401090277486375,5,465,,"[465, 254]","[42, 43, 44, 45]",97,0.546236559139785,,,2,0.0031465022996976415,2,sgd,mse,120,recon,,,,,,,0.9317942707111867,0.9728613129087217,True,0.00807657736734518,0.000967973149395567,0.6652637567668447,False,,,,0.0001,PRUNED
33,0.7672520620821501,leakyrelu,512,0.5542335273615043,4,6.0,0.21989462926875095,558,,120,0.6507726164898762,0.8665163980645226,,1,0.0028845721203891958,3,mse,recon,0.948991726656812,0.9811915294262229,0.010639536395681598,0.0005757125528216741,0.7572788005851006,False,0.0001,,,,,,,leakyrelu,fedadam,512,0.5542335273615043,4,6.0,6.0,-6.0,0.21989462926875095,10,558,,"[558, 363, 314]","[42, 43, 44, 45]",120,0.6505376344086021,0.8650137741046832,,1,0.0028845721203891958,3,sgd,mse,120,recon,,,,,,,0.948991726656812,0.9811915294262229,True,0.010639536395681598,0.0005757125528216741,0.7572788005851006,False,,,,0.0001,PRUNED
34,0.7263745675672371,leakyrelu,512,0.26610444525530846,7,3.0,0.39729739655329593,349,1.0,82,,,,5,0.0009988574054800145,1,mse,recon,0.9188674286723615,0.9783242877600331,0.006188895641617247,0.0001378210291064839,0.8919821264285444,False,1e-05,0.5335890343424765,0.5286357928255441,0.6597749138662617,0.6639838077039596,0.7919413631993015,0.7874476982157945,leakyrelu,fedadam,512,0.26610444525530846,7,3.0,3.0,-3.0,0.39729739655329593,2,349,1.0,[349],"[42, 43, 44, 45]",82,,,,5,0.0009988574054800145,1,sgd,mse,120,recon,0.7263745675672371,0.004225105341137846,0.5276059424987909,0.014408657997880112,0.7258581385327816,0.6597749138662617,0.9188674286723615,0.9783242877600331,True,0.006188895641617247,0.0001378210291064839,0.8919821264285444,False,0.5335890343424765,0.5286357928255441,0.5335890343424765,1e-05,COMPLETE
35,0.7854775388989559,leakyrelu,128,0.8673213346755039,2,5.0,0.15543071391387106,677,,116,0.5014828291049723,,,3,0.007030710390923307,2,mse,recon,0.9051499851226246,0.9752575079860945,0.005164856583931292,0.00023883612079612346,0.5214001180232138,False,0.0001,0.5054434829077922,0.5062049750113371,0.7910374434791444,0.7960649971022182,0.7806995978857485,0.7755971206116954,leakyrelu,fedadam,128,0.8673213346755039,2,5.0,5.0,-5.0,0.15543071391387106,3,677,,"[677, 339]","[42, 43, 44, 45]",116,0.5007385524372231,,,3,0.007030710390923307,2,sgd,mse,120,recon,0.7854775388989559,0.004252610138461973,0.5050230470080403,0.00786456936258173,0.7858685206824465,0.7806995978857485,0.9051499851226246,0.9752575079860945,True,0.005164856583931292,0.00023883612079612346,0.5214001180232138,False,0.5054434829077922,0.5062049750113371,0.5054434829077922,0.0001,COMPLETE
36,0.7274321726212317,leakyrelu,64,0.36710790541036603,12,4.0,0.362513122945161,579,1.0,96,,,,2,0.0012469071881717091,1,huber,recon,0.9302937764648752,0.9729405739866349,0.012883524996303087,0.0004018256113984012,0.6248737830584997,False,0.0001,,,,,,,leakyrelu,fedadam,64,0.36710790541036603,12,4.0,4.0,-4.0,0.362513122945161,5,579,1.0,[579],"[42, 43, 44, 45]",96,,,,2,0.0012469071881717091,1,sgd,huber,120,recon,,,,,,,0.9302937764648752,0.9729405739866349,True,0.012883524996303087,0.0004018256113984012,0.6248737830584997,False,,,,0.0001,PRUNED
37,0.6901230569338835,elu,512,0.740978460458398,8,4.0,0.09385304979486207,472,,107,0.5542893968711347,0.7182732283161731,,1,0.002140316650847041,3,mse,recon,0.8884403173249739,0.9773778164323778,0.0030757460692246944,0.0007024737991057217,0.7720707793667186,False,0.0,,,,,,,elu,fedadam,512,0.740978460458398,8,4.0,4.0,-4.0,0.09385304979486207,10,472,,"[472, 261, 187]","[42, 43, 44, 45]",107,0.5529661016949152,0.7164750957854407,,1,0.002140316650847041,3,sgd,mse,120,recon,,,,,,,0.8884403173249739,0.9773778164323778,True,0.0030757460692246944,0.0007024737991057217,0.7720707793667186,False,,,,0.0,PRUNED
38,0.7565730779616175,gelu,512,0.565617188064975,4,8.0,0.27988220174091405,243,5.0,117,,,,5,0.0042268012519979,1,huber,recon,0.8502324023533792,0.9818124309567314,0.00790205648650014,0.00016759476627540502,0.417615499894899,False,0.0001,,,,,,,gelu,fedadam,512,0.565617188064975,4,8.0,8.0,-8.0,0.27988220174091405,2,243,5.0,[243],"[42, 43, 44, 45]",117,,,,5,0.0042268012519979,1,sgd,huber,120,recon,,,,,,,0.8502324023533792,0.9818124309567314,True,0.00790205648650014,0.00016759476627540502,0.417615499894899,False,,,,0.0001,PRUNED
39,0.7912785709043902,leakyrelu,128,0.1350986408034884,6,3.0,0.1968741968160599,408,,63,0.6875972077730496,,,4,0.0005612549816347589,2,mse,recon,0.9371335827018934,0.9784022286317214,0.010351960545875442,0.00011908579768539407,0.7161694687638402,False,1e-05,0.5472064349570319,0.5423991386155753,0.7723762656626041,0.7779120236300926,0.8126402554563912,0.804853896058076,leakyrelu,fedadam,128,0.1350986408034884,6,3.0,3.0,-3.0,0.1968741968160599,2,408,,"[408, 280]","[42, 43, 44, 45]",63,0.6862745098039216,,,4,0.0005612549816347589,2,sgd,mse,120,recon,0.7912785709043902,0.0050810907676536185,0.540598300775627,0.007965375203073884,0.7925082605594976,0.7723762656626041,0.9371335827018934,0.9784022286317214,True,0.010351960545875442,0.00011908579768539407,0.7161694687638402,False,0.5472064349570319,0.5423991386155753,0.5472064349570319,1e-05,COMPLETE
40,0.8016099373566399,elu,64,0.19332474499942173,10,5.0,0.33784574559997715,369,5.0,121,,,,1,0.0026917819663303077,1,mse,recon,0.8625693166251797,0.9855035040383607,0.0038092082426184667,0.0003471526008662913,0.5572213155595576,False,1e-10,0.5529691819035415,0.5527171201742056,0.781958881606801,0.7822623713168535,0.8324508647244002,0.8207702177899334,elu,fedadam,64,0.19332474499942173,10,5.0,5.0,-5.0,0.33784574559997715,10,369,5.0,[369],"[42, 43, 44, 45]",121,,,,1,0.0026917819663303077,1,sgd,mse,120,recon,0.8016099373566399,0.004819881030412501,0.552808940103417,0.0025626460272920033,0.8072048731656006,0.781958881606801,0.8625693166251797,0.9855035040383607,True,0.0038092082426184667,0.0003471526008662913,0.5572213155595576,False,0.5529691819035415,0.5527171201742056,0.5529691819035415,1e-10,COMPLETE
41,0.7884383494004978,elu,64,0.19960858753990424,13,5.0,0.3324610186115422,370,5.0,121,,,,1,0.0044665080020221525,1,mse,recon,0.8630015583080772,0.9858421067542408,0.004614862171606859,0.0004997260967745377,0.5701764443717275,False,1e-10,0.5613270522974327,0.5602120872777976,0.7616661962475609,0.7584677644131709,0.8289408513833144,0.8176624086681306,elu,fedadam,64,0.19960858753990424,13,5.0,5.0,-5.0,0.3324610186115422,10,370,5.0,[370],"[42, 43, 44, 45]",121,,,,1,0.0044665080020221525,1,sgd,mse,120,recon,0.7884383494004978,0.0026070290168948382,0.5601009066622635,0.006347005783477008,0.7953035238154377,0.7616661962475609,0.8630015583080772,0.9858421067542408,True,0.004614862171606859,0.0004997260967745377,0.5701764443717275,False,0.5613270522974327,0.5602120872777976,0.5613270522974327,1e-10,COMPLETE
42,0.7859589687519404,elu,64,0.14334552200301362,10,5.0,0.3609457729339568,449,5.0,110,,,,2,0.001894244636369234,1,mse,recon,0.8642610935908964,0.9832895242059237,0.003794056328869414,0.000324143907088511,0.6283506126384234,False,1e-10,0.565030304398795,0.5634146711488199,0.7569884615601732,0.7557884041925633,0.8280755624801248,0.816015794791896,elu,fedadam,64,0.14334552200301362,10,5.0,5.0,-5.0,0.3609457729339568,5,449,5.0,[449],"[42, 43, 44, 45]",110,,,,2,0.001894244636369234,1,sgd,mse,120,recon,0.7859589687519404,0.0060797597627320794,0.5638449576246469,0.004679562316525368,0.792532012020149,0.7569884615601732,0.8642610935908964,0.9832895242059237,True,0.003794056328869414,0.000324143907088511,0.6283506126384234,False,0.565030304398795,0.5634146711488199,0.565030304398795,1e-10,COMPLETE
43,0.7476373788435593,elu,64,0.12365897393660535,10,5.0,0.25155385866465957,769,5.0,123,,,,1,0.002610698590614074,1,mse,recon,0.880491056173924,0.9905014917936746,0.002030246880487469,0.000407289226175461,0.5701413187272565,False,1e-10,,,,,,,elu,fedadam,64,0.12365897393660535,10,5.0,5.0,-5.0,0.25155385866465957,10,769,5.0,[769],"[42, 43, 44, 45]",123,,,,1,0.002610698590614074,1,sgd,mse,120,recon,,,,,,,0.880491056173924,0.9905014917936746,True,0.002030246880487469,0.000407289226175461,0.5701413187272565,False,,,,1e-10,PRUNED
44,0.7448111596583629,elu,64,0.6559553850916917,9,5.0,0.3205110819896406,179,5.0,104,0.59849215798576,0.5950426300020482,,2,0.0035617823612654016,3,mse,recon,0.8724021021666917,0.9853905255993025,0.002684410357538334,0.0002234519695584413,0.4981430683758154,False,1e-10,,,,,,,elu,fedadam,64,0.6559553850916917,9,5.0,5.0,-5.0,0.3205110819896406,5,179,5.0,"[179, 107, 63]","[42, 43, 44, 45]",104,0.5977653631284916,0.5887850467289719,,2,0.0035617823612654016,3,sgd,mse,120,recon,,,,,,,0.8724021021666917,0.9853905255993025,True,0.002684410357538334,0.0002234519695584413,0.4981430683758154,False,,,,1e-10,PRUNED
45,0.8298266455613136,gelu,512,0.1792120028727341,5,6.0,0.2908441567332306,272,5.0,128,,,,1,0.007590552234965266,1,mse,recon,0.8583234274271272,0.9888640607074707,0.006022614616502846,0.0002384084221315471,0.42360801078013277,True,0.0001,0.5257401009707569,0.5270744865140251,0.8371601739421685,0.8337911246262519,0.8373281323796997,0.8267045695100679,gelu,fedadam,512,0.1792120028727341,5,6.0,6.0,-6.0,0.2908441567332306,10,272,5.0,[272],"[42, 43, 44, 45]",128,,,,1,0.007590552234965266,1,sgd,mse,120,recon,0.8298266455613136,0.011682664987109863,0.5266960931458055,0.0070658357496786,0.837244153160934,0.8371601739421685,0.8583234274271272,0.9888640607074707,True,0.006022614616502846,0.0002384084221315471,0.42360801078013277,True,0.5257401009707569,0.5270744865140251,0.5257401009707569,0.0001,COMPLETE
46,0.7140613621737878,gelu,512,0.1679913084338003,2,6.0,0.28467055547249587,285,5.0,88,,,,1,0.008212849351515629,1,huber,recon+kl,0.8580571747713561,0.9883099772252979,0.005868311436245055,0.0006420450501138266,0.3239349456100826,True,1e-08,,,,,,,gelu,fedadam,512,0.1679913084338003,2,6.0,6.0,-6.0,0.28467055547249587,10,285,5.0,[285],"[42, 43, 44, 45]",88,,,,1,0.008212849351515629,1,sgd,huber,120,recon+kl,,,,,,,0.8580571747713561,0.9883099772252979,True,0.005868311436245055,0.0006420450501138266,0.3239349456100826,True,,,,1e-08,PRUNED
47,0.8119427591679981,gelu,512,0.19646289151205315,4,6.0,0.26085569817176957,220,5.0,78,,,,1,0.0047176532298397935,1,mse,recon,0.8530009990612166,0.9897312018883176,0.008233722943056151,0.0003473269783329004,0.25589113547675335,True,0.0001,,,,,,,gelu,fedadam,512,0.19646289151205315,4,6.0,6.0,-6.0,0.26085569817176957,10,220,5.0,[220],"[42, 43, 44, 45]",78,,,,1,0.0047176532298397935,1,sgd,mse,120,recon,,,,,,,0.8530009990612166,0.9897312018883176,True,0.008233722943056151,0.0003473269783329004,0.25589113547675335,True,,,,0.0001,PRUNED
48,0.7032468091472055,gelu,512,0.15238115061871835,5,6.0,0.30971045726675334,132,5.0,119,,,,1,0.013610749641752082,1,mse,recon+kl,0.8664807261009733,0.9934377927440639,0.004781361798843235,0.00017942226660083016,0.41808094584137295,True,1e-10,,,,,,,gelu,fedadam,512,0.15238115061871835,5,6.0,6.0,-6.0,0.30971045726675334,10,132,5.0,[132],"[42, 43, 44, 45]",119,,,,1,0.013610749641752082,1,sgd,mse,120,recon+kl,,,,,,,0.8664807261009733,0.9934377927440639,True,0.004781361798843235,0.00017942226660083016,0.41808094584137295,True,,,,1e-10,PRUNED
49,0.710313768367514,gelu,512,0.12344214359774881,6,6.0,0.1622199109210018,391,5.0,95,,,,1,0.006786544353336057,1,mse,recon,0.8720971539769727,0.9921195002603446,0.003927572897366833,0.000426938885559387,0.4287784792551513,True,0.0001,,,,,,,gelu,fedadam,512,0.12344214359774881,6,6.0,6.0,-6.0,0.1622199109210018,10,391,5.0,[391],"[42, 43, 44, 45]",95,,,,1,0.006786544353336057,1,sgd,mse,120,recon,,,,,,,0.8720971539769727,0.9921195002603446,True,0.003927572897366833,0.000426938885559387,0.4287784792551513,True,,,,0.0001,PRUNED
50,0.7261107359518743,relu,512,0.10333740701756647,12,4.0,0.22079722893461606,316,1.0,48,0.7579333241702355,0.9206871634791236,0.7955166823850587,3,0.007617282475997765,4,mse,recon,0.859664154433234,0.9828714173585521,0.007382405961645343,0.00011881897515010136,0.27020439361448867,True,0.0,,,,,,,relu,fedadam,512,0.10333740701756647,12,4.0,4.0,-4.0,0.22079722893461606,3,316,1.0,"[316, 239, 220, 175]","[42, 43, 44, 45]",48,0.7563291139240507,0.9205020920502092,0.7954545454545454,3,0.007617282475997765,4,sgd,mse,120,recon,,,,,,,0.859664154433234,0.9828714173585521,True,0.007382405961645343,0.00011881897515010136,0.27020439361448867,True,,,,0.0,PRUNED
51,0.782369979687303,leakyrelu,64,0.28165163296619566,7,6.0,0.3161932883260582,430,,128,0.7929302617258212,,,2,0.0026057898976894127,2,mse,recon,0.899540875822804,0.9884378218414226,0.006388427326184118,0.0002501199969867761,0.02484029951986516,True,0.0001,0.5127440581362749,0.5103320353294156,0.7610116362870009,0.7684232880507901,0.8021542090279072,0.7961756925980494,leakyrelu,fedadam,64,0.28165163296619566,7,6.0,6.0,-6.0,0.3161932883260582,5,430,,"[430, 340]","[42, 43, 44, 45]",128,0.7906976744186046,,,2,0.0026057898976894127,2,sgd,mse,120,recon,0.782369979687303,0.007900736033658942,0.5098570884397327,0.0063535795961366165,0.781582922657454,0.7610116362870009,0.899540875822804,0.9884378218414226,True,0.006388427326184118,0.0002501199969867761,0.02484029951986516,True,0.5127440581362749,0.5103320353294156,0.5127440581362749,0.0001,COMPLETE
52,0.7782189279948292,elu,128,0.8681607382702098,8,5.0,0.3812703325386855,511,5.0,115,,,,2,0.0037096771966832415,1,mse,recon,0.9160478523969722,0.9850377536241725,0.005828079156802087,0.00019293249970512717,0.565572841050964,False,0.0001,0.5519455122958146,0.5491895502040678,0.7540962025888104,0.7543358528980639,0.8094648700420178,0.8008600966523095,elu,fedadam,128,0.8681607382702098,8,5.0,5.0,-5.0,0.3812703325386855,5,511,5.0,[511],"[42, 43, 44, 45]",115,,,,2,0.0037096771966832415,1,sgd,mse,120,recon,0.7782189279948292,0.002250421783639826,0.549046866209043,0.01389178905165441,0.7817805363154141,0.7540962025888104,0.9160478523969722,0.9850377536241725,True,0.005828079156802087,0.00019293249970512717,0.565572841050964,False,0.5519455122958146,0.5491895502040678,0.5519455122958146,0.0001,COMPLETE
53,0.6691840557089122,gelu,64,0.19310818546743297,9,3.0,0.33956622741476816,344,,123,0.7209320512625021,0.8000341050220643,,1,0.001331373283529507,3,mse,recon,0.922696070599025,0.980255833280291,0.005043450038580451,0.0002509107098122676,0.3802347181904148,False,0.0001,,,,,,,gelu,fedadam,64,0.19310818546743297,9,3.0,3.0,-3.0,0.33956622741476816,10,344,,"[344, 248, 198]","[42, 43, 44, 45]",123,0.7209302325581395,0.7983870967741935,,1,0.001331373283529507,3,sgd,mse,120,recon,,,,,,,0.922696070599025,0.980255833280291,True,0.005043450038580451,0.0002509107098122676,0.3802347181904148,False,,,,0.0001,PRUNED
54,0.7945137312984885,relu,256,0.2324213484673564,5,5.0,0.29496359773910735,556,2.0,110,0.55000990429047,,,3,0.005830277753986289,2,mse,recon,0.8550456423223853,0.9716071246573182,0.008936164411846595,0.0008282917571944214,0.7126479569218527,True,0.0001,0.4794191735300814,0.4765994131992074,0.78079236453341,0.7841016806192973,0.8120391821481595,0.8044724743668631,relu,fedadam,256,0.2324213484673564,5,5.0,5.0,-5.0,0.29496359773910735,3,556,2.0,"[556, 305]","[42, 43, 44, 45]",110,0.5485611510791367,,,3,0.005830277753986289,2,sgd,mse,120,recon,0.7945137312984885,0.022661914273181608,0.4780019530625224,0.021186365600918255,0.7964157733407848,0.78079236453341,0.8550456423223853,0.9716071246573182,True,0.008936164411846595,0.0008282917571944214,0.7126479569218527,True,0.4794191735300814,0.4765994131992074,0.4794191735300814,0.0001,COMPLETE
55,0.7911668537170636,relu,256,0.23921168425125067,2,6.0,0.2919284200159295,979,2.0,107,,,,3,0.005021937134473722,1,mse,recon,0.8620909798446007,0.9815338302786476,0.003224767995830292,0.0009204966481130964,0.7218680839185626,True,1e-05,0.5498892915676434,0.5506261660513585,0.7660189089663764,0.7640931683855781,0.8270015015777856,0.8180830809534829,relu,fedadam,256,0.23921168425125067,2,6.0,6.0,-6.0,0.2919284200159295,3,979,2.0,[979],"[42, 43, 44, 45]",107,,,,3,0.005021937134473722,1,sgd,mse,120,recon,0.7911668537170636,0.0038577028469092283,0.5501838544871397,0.006200090372085517,0.7965102052720809,0.7660189089663764,0.8620909798446007,0.9815338302786476,True,0.003224767995830292,0.0009204966481130964,0.7218680839185626,True,0.5498892915676434,0.5506261660513585,0.5498892915676434,1e-05,COMPLETE
56,0.7521712193827725,relu,256,0.1687999881049951,5,5.0,0.2315300537619449,647,2.0,102,0.6695746092534614,,,2,0.01150029228779466,2,mse,recon+kl,0.8553615602595043,0.9739073669770169,0.009206905025046428,0.001131546699695145,0.8101426881919112,True,0.0001,,,,,,,relu,fedadam,256,0.1687999881049951,5,5.0,5.0,-5.0,0.2315300537619449,5,647,2.0,"[647, 433]","[42, 43, 44, 45]",102,0.6692426584234931,,,2,0.01150029228779466,2,sgd,mse,120,recon+kl,,,,,,,0.8553615602595043,0.9739073669770169,True,0.009206905025046428,0.001131546699695145,0.8101426881919112,True,,,,0.0001,PRUNED
57,0.7693581798708606,relu,256,0.2332767155855991,3,6.0,0.2687935459937298,279,2.0,112,0.6236271454642863,0.6270145822326294,,6,0.00599237086095757,3,huber,recon,0.8762312470400476,0.9718103759192807,0.0147936892879164,0.0007798220078819713,0.9025956231701145,True,1e-06,0.5731116436255388,0.5700401126371507,0.7385639233706095,0.746171935125442,0.7953725813401675,0.7945613465323527,relu,fedadam,256,0.2332767155855991,3,6.0,6.0,-6.0,0.2687935459937298,2,279,2.0,"[279, 173, 108]","[42, 43, 44, 45]",112,0.6200716845878136,0.6242774566473989,,6,0.00599237086095757,3,sgd,huber,120,recon,0.7693581798708606,0.0013681397315255916,0.571690563369217,0.018721033176254155,0.7669682523553885,0.7385639233706095,0.8762312470400476,0.9718103759192807,True,0.0147936892879164,0.0007798220078819713,0.9025956231701145,True,0.5731116436255388,0.5700401126371507,0.5731116436255388,1e-06,COMPLETE
58,0.8105805209915117,relu,256,0.1210042579308744,4,5.0,0.20811569796392537,497,2.0,109,,,,1,0.009760500840036646,1,mse,recon,0.8678368177697241,0.9763000577015245,0.009995588483613638,0.000617930459431154,0.647934511515414,True,0.0001,0.5175035610726308,0.5172366852576297,0.7931529934649377,0.792324136169396,0.8384039620578765,0.8288041675839839,relu,fedadam,256,0.1210042579308744,4,5.0,5.0,-5.0,0.20811569796392537,10,497,2.0,[497],"[42, 43, 44, 45]",109,,,,1,0.009760500840036646,1,sgd,mse,120,recon,0.8105805209915117,0.007604558643977242,0.5165841257543171,0.02333313725666615,0.8157784777614071,0.7931529934649377,0.8678368177697241,0.9763000577015245,True,0.009995588483613638,0.000617930459431154,0.647934511515414,True,0.5175035610726308,0.5172366852576297,0.5175035610726308,0.0001,COMPLETE
59,0.772495441638865,relu,512,0.11999362117165127,4,8.0,0.2063104446083036,489,2.0,104,,,,1,0.010339869988652847,1,mse,recon,0.8837372178027779,0.9762710997984609,0.011568377863206303,0.0006079498138970369,0.5069398958432627,True,1e-08,,,,,,,relu,fedadam,512,0.11999362117165127,4,8.0,8.0,-8.0,0.2063104446083036,10,489,2.0,[489],"[42, 43, 44, 45]",104,,,,1,0.010339869988652847,1,sgd,mse,120,recon,,,,,,,0.8837372178027779,0.9762710997984609,True,0.011568377863206303,0.0006079498138970369,0.5069398958432627,True,,,,1e-08,PRUNED
60,0.7472451669141071,relu,256,0.13657818537530333,3,6.0,0.17748740393415802,432,5.0,98,,,,1,0.01962250938646875,1,mse,recon,0.8670430613666473,0.9791431769353732,0.007369080608285324,0.00044651999046139133,0.6505548331620659,True,0.0001,,,,,,,relu,fedadam,256,0.13657818537530333,3,6.0,6.0,-6.0,0.17748740393415802,10,432,5.0,[432],"[42, 43, 44, 45]",98,,,,1,0.01962250938646875,1,sgd,mse,120,recon,,,,,,,0.8670430613666473,0.9791431769353732,True,0.007369080608285324,0.00044651999046139133,0.6505548331620659,True,,,,0.0001,PRUNED
61,0.7757187533517361,relu,256,0.1006655688626997,5,5.0,0.23935682979366465,561,2.0,110,,,,1,0.01492689370164979,1,mse,recon,0.8527941145263308,0.9738415476390475,0.010318336606476035,0.000514395667788524,0.6898924036868482,True,0.0001,,,,,,,relu,fedadam,256,0.1006655688626997,5,5.0,5.0,-5.0,0.23935682979366465,10,561,2.0,[561],"[42, 43, 44, 45]",110,,,,1,0.01492689370164979,1,sgd,mse,120,recon,,,,,,,0.8527941145263308,0.9738415476390475,True,0.010318336606476035,0.000514395667788524,0.6898924036868482,True,,,,0.0001,PRUNED
62,0.8041408068463856,relu,256,0.15101306122174588,6,5.0,0.14273823775717395,396,2.0,117,,,,2,0.005808567881771621,1,mse,recon,0.8699723766568277,0.970218340972802,0.009628268449436922,0.0007547292025144282,0.7411624791167581,True,0.0001,0.5372578988072053,0.538113885172578,0.7756928050338607,0.7775426270272711,0.8407903699564014,0.8305882320426914,relu,fedadam,256,0.15101306122174588,6,5.0,5.0,-5.0,0.14273823775717395,5,396,2.0,[396],"[42, 43, 44, 45]",117,,,,2,0.005808567881771621,1,sgd,mse,120,recon,0.8041408068463856,0.01127134518137051,0.5377360357264495,0.009312579728673444,0.8082415874951311,0.7756928050338607,0.8699723766568277,0.970218340972802,True,0.009628268449436922,0.0007547292025144282,0.7411624791167581,True,0.5372578988072053,0.538113885172578,0.5372578988072053,0.0001,COMPLETE
63,0.7376799588289198,relu,256,0.15496472066074785,6,5.0,0.11051973666465777,387,2.0,120,,,,2,0.00922473396847412,1,mse,recon,0.8699854655665787,0.9701043560968402,0.013795194938873849,0.0010221816827664396,0.5894006137603864,True,0.0001,,,,,,,relu,fedadam,256,0.15496472066074785,6,5.0,5.0,-5.0,0.11051973666465777,5,387,2.0,[387],"[42, 43, 44, 45]",120,,,,2,0.00922473396847412,1,sgd,mse,120,recon,,,,,,,0.8699854655665787,0.9701043560968402,True,0.013795194938873849,0.0010221816827664396,0.5894006137603864,True,,,,0.0001,PRUNED
64,0.8139202099809764,relu,256,0.1826666660822472,4,5.0,0.14390164877432557,340,2.0,116,,,,2,0.0040486226736721875,1,mse,recon,0.8606668885064629,0.9797859066101762,0.007675613123877429,0.0006555941495062171,0.7448498155086986,True,0.0001,0.5273003400189297,0.5276615695580507,0.8017442011436829,0.8012450170856218,0.8392058478739879,0.8270449324337039,relu,fedadam,256,0.1826666660822472,4,5.0,5.0,-5.0,0.14390164877432557,5,340,2.0,[340],"[42, 43, 44, 45]",116,,,,2,0.0040486226736721875,1,sgd,mse,120,recon,0.8139202099809764,0.0046014660985186605,0.5275448174162325,0.010824645611015142,0.8204750245088355,0.8017442011436829,0.8606668885064629,0.9797859066101762,True,0.007675613123877429,0.0006555941495062171,0.7448498155086986,True,0.5273003400189297,0.5276615695580507,0.5273003400189297,0.0001,COMPLETE
65,0.8216262115056046,relu,256,0.19310318358938894,6,5.0,0.14255421985017955,341,2.0,124,,,,2,0.0028188471050448055,1,mse,recon,0.859957612923179,0.9756340497189402,0.009681931510531018,0.0014237820598633644,0.754507392455045,True,0.0001,0.5518222624900977,0.5515191244183267,0.8145650034528763,0.8115809627738544,0.8421570315425418,0.8309628326568707,relu,fedadam,256,0.19310318358938894,6,5.0,5.0,-5.0,0.14255421985017955,5,341,2.0,[341],"[42, 43, 44, 45]",124,,,,2,0.0028188471050448055,1,sgd,mse,120,recon,0.8216262115056046,0.0056792497584614385,0.5509530338268971,0.013566014136857398,0.8283610174977091,0.8145650034528763,0.859957612923179,0.9756340497189402,True,0.009681931510531018,0.0014237820598633644,0.754507392455045,True,0.5518222624900977,0.5515191244183267,0.5518222624900977,0.0001,COMPLETE
66,0.7454855642489006,relu,256,0.11145992071387666,4,5.0,0.13918602039334252,289,2.0,116,,,,2,0.00388079208195819,1,mse,recon,0.8596072122323215,0.9753654525018031,0.009656588114424958,0.0014188016026171516,0.7467772940941284,True,0.0001,,,,,,,relu,fedadam,256,0.11145992071387666,4,5.0,5.0,-5.0,0.13918602039334252,5,289,2.0,[289],"[42, 43, 44, 45]",116,,,,2,0.00388079208195819,1,sgd,mse,120,recon,,,,,,,0.8596072122323215,0.9753654525018031,True,0.009656588114424958,0.0014188016026171516,0.7467772940941284,True,,,,0.0001,PRUNED
67,0.8059818802204761,relu,256,0.18244221033893018,6,5.0,0.14891846363773872,328,2.0,125,,,,2,0.0031290875544626143,1,mse,recon,0.9099806374296295,0.9772341951010988,0.017938911827501937,0.0013714082802630777,0.801106971663712,True,0.0001,0.5265686595501664,0.5256006046531976,0.7845590197218506,0.7857276107554744,0.8346396589649651,0.8250798889246407,relu,fedadam,256,0.18244221033893018,6,5.0,5.0,-5.0,0.14891846363773872,5,328,2.0,[328],"[42, 43, 44, 45]",125,,,,2,0.0031290875544626143,1,sgd,mse,120,recon,0.8059818802204761,0.01315619904720502,0.5259956684984787,0.03237391330568554,0.8095993393434078,0.7845590197218506,0.9099806374296295,0.9772341951010988,True,0.017938911827501937,0.0013714082802630777,0.801106971663712,True,0.5265686595501664,0.5256006046531976,0.5265686595501664,0.0001,COMPLETE
68,0.717027325234598,relu,256,0.20525722326404017,7,5.0,0.07690685921205528,148,2.0,125,,,,3,0.003134713795262099,1,mse,recon+kl,0.910060031915804,0.9772363546432583,0.017226888567897464,0.0021158164722862483,0.7965306207510291,True,0.0001,0.5350215169698989,0.5323201446632834,0.6425347216341983,0.6463995709307336,0.7889460354018603,0.7861104878057958,relu,fedadam,256,0.20525722326404017,7,5.0,5.0,-5.0,0.07690685921205528,3,148,2.0,[148],"[42, 43, 44, 45]",125,,,,3,0.003134713795262099,1,sgd,mse,120,recon+kl,0.717027325234598,0.003745018062879391,0.5330361666440866,0.0042838013053234,0.7157403785180293,0.6425347216341983,0.910060031915804,0.9772363546432583,True,0.017226888567897464,0.0021158164722862483,0.7965306207510291,True,0.5350215169698989,0.5323201446632834,0.5350215169698989,0.0001,COMPLETE
69,0.7313940423301928,relu,256,0.17853148303893362,3,5.0,0.12034307356576596,337,2.0,128,,,,2,0.0019571666297524414,1,mse,recon,0.9107565991667428,0.9763367596740231,0.0113389193757483,0.001343012076478948,0.8311421511592978,True,0.0001,,,,,,,relu,fedadam,256,0.17853148303893362,3,5.0,5.0,-5.0,0.12034307356576596,5,337,2.0,[337],"[42, 43, 44, 45]",128,,,,2,0.0019571666297524414,1,sgd,mse,120,recon,,,,,,,0.9107565991667428,0.9763367596740231,True,0.0113389193757483,0.001343012076478948,0.8311421511592978,True,,,,0.0001,PRUNED
70,0.769398907875004,relu,256,0.2757388119695802,4,5.0,0.16752443274558354,218,2.0,124,,,,2,0.0016263789885482703,1,huber,recon,0.9030648686650462,0.979952175772487,0.017176032904163373,0.0016953138062553634,0.8751002675433499,True,0.0001,,,,,,,relu,fedadam,256,0.2757388119695802,4,5.0,5.0,-5.0,0.16752443274558354,5,218,2.0,[218],"[42, 43, 44, 45]",124,,,,2,0.0016263789885482703,1,sgd,huber,120,recon,,,,,,,0.9030648686650462,0.979952175772487,True,0.017176032904163373,0.0016953138062553634,0.8751002675433499,True,,,,0.0001,PRUNED
71,0.7748278971701469,relu,256,0.14734965218203008,6,5.0,0.14145883266890558,259,2.0,114,,,,2,0.0048159597611987775,1,mse,recon,0.8952991629905807,0.9782478158441221,0.007902938257244248,0.0007331665600009927,0.7820141653035412,True,0.0001,,,,,,,relu,fedadam,256,0.14734965218203008,6,5.0,5.0,-5.0,0.14145883266890558,5,259,2.0,[259],"[42, 43, 44, 45]",114,,,,2,0.0048159597611987775,1,sgd,mse,120,recon,,,,,,,0.8952991629905807,0.9782478158441221,True,0.007902938257244248,0.0007331665600009927,0.7820141653035412,True,,,,0.0001,PRUNED
72,0.739273327142618,relu,256,0.13036713341178152,6,5.0,0.18672247026984057,321,2.0,117,,,,3,0.0033756751221807255,1,mse,recon,0.8689772562138545,0.9756642257948781,0.012328913728856894,0.0024579488101999355,0.7383046988104305,True,0.0001,0.5413955735443823,0.5389421168107089,0.6897720819432449,0.6937035931552138,0.7873207938416493,0.7855419569152549,relu,fedadam,256,0.13036713341178152,6,5.0,5.0,-5.0,0.18672247026984057,3,321,2.0,[321],"[42, 43, 44, 45]",117,,,,3,0.0033756751221807255,1,sgd,mse,120,recon,0.739273327142618,0.001151672911506723,0.5392059190248777,0.002908620697154614,0.7385464378924471,0.6897720819432449,0.8689772562138545,0.9756642257948781,True,0.012328913728856894,0.0024579488101999355,0.7383046988104305,True,0.5413955735443823,0.5389421168107089,0.5413955735443823,0.0001,COMPLETE
73,0.7448716673158451,relu,256,0.17796690709818203,5,5.0,0.1507359602148327,397,2.0,107,,,,2,0.0041039401606464175,1,mse,recon,0.9075357034516981,0.9788939793606407,0.010527855225307135,0.0011216797372458737,0.6950766379246609,True,0.0001,,,,,,,relu,fedadam,256,0.17796690709818203,5,5.0,5.0,-5.0,0.1507359602148327,5,397,2.0,[397],"[42, 43, 44, 45]",107,,,,2,0.0041039401606464175,1,sgd,mse,120,recon,,,,,,,0.9075357034516981,0.9788939793606407,True,0.010527855225307135,0.0011216797372458737,0.6950766379246609,True,,,,0.0001,PRUNED
74,0.7870213073981871,relu,256,0.11232894165406394,5,5.0,0.10216311655283847,454,2.0,35,,,,3,0.0053976010624901425,1,mse,recon,0.8505270729864532,0.980887093551459,0.008355291128318567,0.001286271485932843,0.6658419280061382,True,0.0001,0.5342576222007711,0.534482720094987,0.7386463878398544,0.7383879248825362,0.8436496431400664,0.8349944125970711,relu,fedadam,256,0.11232894165406394,5,5.0,5.0,-5.0,0.10216311655283847,3,454,2.0,[454],"[42, 43, 44, 45]",35,,,,3,0.0053976010624901425,1,sgd,mse,120,recon,0.7870213073981871,0.005776469269231085,0.5344902026988885,0.013100864950481192,0.7911480154899604,0.7386463878398544,0.8505270729864532,0.980887093551459,True,0.008355291128318567,0.001286271485932843,0.6658419280061382,True,0.5342576222007711,0.534482720094987,0.5342576222007711,0.0001,COMPLETE
75,0.7310434036892148,relu,256,0.21860754544290603,7,4.0,0.07752007907290369,425,2.0,113,,,,2,0.0023009467017141806,1,mse,recon,0.9023410126066497,0.974450207325007,0.006569819293412256,0.0005746423589990025,0.6409520700443505,True,0.0001,,,,,,,relu,fedadam,256,0.21860754544290603,7,4.0,4.0,-4.0,0.07752007907290369,5,425,2.0,[425],"[42, 43, 44, 45]",113,,,,2,0.0023009467017141806,1,sgd,mse,120,recon,,,,,,,0.9023410126066497,0.974450207325007,True,0.006569819293412256,0.0005746423589990025,0.6409520700443505,True,,,,0.0001,PRUNED
76,0.7632493394139707,leakyrelu,256,0.15645262358803358,6,5.0,0.12787894289619856,368,2.0,122,,,,4,0.006469329174032672,1,mse,recon,0.8651467471195348,0.9769091118431005,0.007412369413042368,0.0015684307120345244,0.7720937697902998,True,0.0001,0.5515059432749826,0.5504814533739399,0.7237728553122548,0.7230600533502307,0.8084807909062341,0.8028228615688289,leakyrelu,fedadam,256,0.15645262358803358,6,5.0,5.0,-5.0,0.12787894289619856,2,368,2.0,[368],"[42, 43, 44, 45]",122,,,,4,0.006469329174032672,1,sgd,mse,120,recon,0.7632493394139707,0.006011964246010617,0.5493525945260151,0.01092206700400228,0.7661268231092444,0.7237728553122548,0.8651467471195348,0.9769091118431005,True,0.007412369413042368,0.0015684307120345244,0.7720937697902998,True,0.5515059432749826,0.5504814533739399,0.5515059432749826,0.0001,COMPLETE
77,0.6976133639482087,gelu,256,0.14098777964446899,8,3.0,0.1717003348131798,530,2.0,118,,,,8,0.004385756922488922,1,mse,recon,0.9148917909650898,0.9777011383223123,0.013766746150454048,0.0008615663797971893,0.8261379667721039,True,1e-06,,,,,,,gelu,fedadam,256,0.14098777964446899,8,3.0,3.0,-3.0,0.1717003348131798,2,530,2.0,[530],"[42, 43, 44, 45]",118,,,,8,0.004385756922488922,1,sgd,mse,120,recon,,,,,,,0.9148917909650898,0.9777011383223123,True,0.013766746150454048,0.0008615663797971893,0.8261379667721039,True,,,,1e-06,PRUNED
78,0.8040793510003932,relu,256,0.18324736462299465,4,5.0,0.19075227540306167,485,1.0,125,,,,2,0.003000663088915303,1,mse,recon,0.874713438966734,0.9797647483648382,0.009759809321368617,0.0006685606525233149,0.8613604856025202,True,0.0,0.5401885439776005,0.5404423715426547,0.7812089300599692,0.7821539397129689,0.8346823259778602,0.8277579407921106,relu,fedadam,256,0.18324736462299465,4,5.0,5.0,-5.0,0.19075227540306167,5,485,1.0,[485],"[42, 43, 44, 45]",125,,,,2,0.003000663088915303,1,sgd,mse,120,recon,0.8040793510003932,0.005813052613939731,0.5397094291746403,0.017587836889234525,0.8079456280189147,0.7812089300599692,0.874713438966734,0.9797647483648382,True,0.009759809321368617,0.0006685606525233149,0.8613604856025202,True,0.5401885439776005,0.5404423715426547,0.5401885439776005,0.0,COMPLETE
79,0.7239960550653788,leakyrelu,128,0.11368789499021376,5,5.0,0.20632277217117378,342,2.0,119,,,,2,0.007537219308958658,1,mse,recon,0.8606065387001912,0.9731214246517903,0.005530979798219741,0.0009814624379006842,0.7570501695856283,True,0.0001,,,,,,,leakyrelu,fedadam,128,0.11368789499021376,5,5.0,5.0,-5.0,0.20632277217117378,5,342,2.0,[342],"[42, 43, 44, 45]",119,,,,2,0.007537219308958658,1,sgd,mse,120,recon,,,,,,,0.8606065387001912,0.9731214246517903,True,0.005530979798219741,0.0009814624379006842,0.7570501695856283,True,,,,0.0001,PRUNED
80,,relu,512,0.3777479688914157,6,8.0,0.04677139064344593,613,,104,,,,1,0.012772174338536925,1,mse,recon,0.8771115929671236,0.9749389071274354,0.008608169378374941,0.0029205590945005646,0.6963226028229225,True,1e-05,,,,,,,relu,fedadam,512,0.3777479688914157,6,8.0,8.0,-8.0,0.04677139064344593,10,613,,[613],"[42, 43, 44, 45]",104,,,,1,0.012772174338536925,1,sgd,mse,120,recon,,,,,,,0.8771115929671236,0.9749389071274354,True,0.008608169378374941,0.0029205590945005646,0.6963226028229225,True,,,,1e-05,FAIL
81,0.730935677713989,relu,512,0.3777479688914157,6,8.0,0.04677139064344593,613,,104,,,,1,0.012772174338536925,1,mse,recon,0.8771115929671236,0.9749389071274354,0.008608169378374941,0.0029205590945005646,0.6963226028229225,True,1e-05,,,,,,,relu,fedadam,512,0.3777479688914157,6,8.0,8.0,-8.0,0.04677139064344593,10,613,,[613],"[42, 43, 44, 45]",104,,,,1,0.012772174338536925,1,sgd,mse,120,recon,,,,,,,0.8771115929671236,0.9749389071274354,True,0.008608169378374941,0.0029205590945005646,0.6963226028229225,True,,,,1e-05,PRUNED
