number,values_0,params_activation,params_batch_size,params_beta,params_beta_warmup_rounds,params_clip_abs,params_dropout,params_first_layer,params_grad_clip,params_latent_dim,params_layer_1_dropoff,params_layer_2_dropoff,params_layer_3_dropoff,params_local_epochs,params_lr,params_n_layers,params_recon_type,params_score_type,params_sgd_momentum,params_sgd_nesterov,params_weight_decay,user_attrs_NF-BoT-IoT-v3__test_auroc,user_attrs_NF-BoT-IoT-v3__val_auroc,user_attrs_NF-CICIDS2018-v3__test_auroc,user_attrs_NF-CICIDS2018-v3__val_auroc,user_attrs_NF-ToN-IoT-v3__test_auroc,user_attrs_NF-ToN-IoT-v3__val_auroc,user_attrs_activation,user_attrs_aggregation_method,user_attrs_batch_size,user_attrs_beta,user_attrs_beta_warmup_rounds,user_attrs_clip_abs,user_attrs_clip_max,user_attrs_clip_min,user_attrs_dropout,user_attrs_early_stop_patience,user_attrs_first_layer,user_attrs_grad_clip,user_attrs_hidden_dims,user_attrs_hpo_seeds,user_attrs_latent_dim,user_attrs_layer_1_dropoff,user_attrs_layer_2_dropoff,user_attrs_layer_3_dropoff,user_attrs_local_epochs,user_attrs_lr,user_attrs_n_layers,user_attrs_optimizer,user_attrs_recon_type,user_attrs_rounds,user_attrs_score_type,user_attrs_seed_seen_obj_mean,user_attrs_seed_seen_obj_std,user_attrs_seed_unseen_val_obj_mean,user_attrs_seed_unseen_val_obj_std,user_attrs_seen_test_mean,user_attrs_seen_test_min,user_attrs_sgd_momentum,user_attrs_sgd_nesterov,user_attrs_unseen__test_auroc,user_attrs_unseen__val_auroc,user_attrs_unseen_test_auroc,user_attrs_weight_decay,state
0,0.780773105281207,relu,512,0.870804191700653,5,6.0,0.1692425840497844,338,5.0,95,0.6134257267821015,0.7756573845414456,,1,0.004307355413840528,3,mse,recon,0.8069602043739,False,0.0001,0.7035370436229046,0.7197233853334613,0.578683174613927,0.5884385566789164,0.8462240211048828,0.8420786450189203,relu,scaffold,512,0.870804191700653,5,6.0,6.0,-6.0,0.1692425840497844,10,338,5.0,"[338, 207, 160]","[42, 43, 44, 45]",95,0.6124260355029586,0.7729468599033816,,1,0.004307355413840528,3,sgd,mse,120,recon,0.780773105281207,0.0009622470682715613,0.5876057384545038,0.0015946383396203744,0.7748805323638936,0.7035370436229046,0.8069602043739,False,0.578683174613927,0.5884385566789164,0.578683174613927,0.0001,COMPLETE
1,0.8198657709063659,leakyrelu,64,1.2471330196850028,1,8.0,0.10018214615860269,175,2.0,112,0.6586427409101605,0.7074131059768158,,1,0.004987564371383458,3,mse,recon,0.5566397249341022,True,1e-10,0.7941422378025029,0.8047501098428613,0.6394856343413473,0.6481168211758219,0.8389960409528058,0.8348905675794679,leakyrelu,scaffold,64,1.2471330196850028,1,8.0,8.0,-8.0,0.10018214615860269,10,175,2.0,"[175, 115, 81]","[42, 43, 44, 45]",112,0.6571428571428571,0.7043478260869566,,1,0.004987564371383458,3,sgd,mse,120,recon,0.8198657709063659,0.016163285572788635,0.6485937967478985,0.026023634635623887,0.8165691393776544,0.7941422378025029,0.5566397249341022,True,0.6394856343413473,0.6481168211758219,0.6394856343413473,1e-10,COMPLETE
2,0.6831398102635099,relu,512,0.14801245329920112,5,5.0,0.3700529958455945,728,,55,0.777191624858886,,,4,0.0012692690224631797,2,huber,recon+kl,0.487471746489052,False,1e-08,0.5159049452338077,0.5237743788821336,0.5222187693459857,0.5269254518610721,0.8492316738828958,0.8434162082432479,relu,scaffold,512,0.14801245329920112,5,5.0,5.0,-5.0,0.3700529958455945,2,728,,"[728, 565]","[42, 43, 44, 45]",55,0.7760989010989011,,,4,0.0012692690224631797,2,sgd,huber,120,recon+kl,0.6831398102635099,0.0006182036451363799,0.5269294210222771,0.00046793379830876655,0.6825683095583517,0.5159049452338077,0.487471746489052,False,0.5222187693459857,0.5269254518610721,0.5222187693459857,1e-08,COMPLETE
3,0.683909430621179,elu,512,0.39364680343716085,12,5.0,0.3934523539646893,934,5.0,117,0.6038179305981622,0.6462447063962125,0.7600050765362417,2,0.0004439567439268961,4,mse,recon+kl,0.2820177367066455,False,1e-05,0.5156149600802347,0.5233626298591941,0.5232736559655728,0.5280357585555123,0.8503345997015661,0.8446522344437105,elu,scaffold,512,0.39364680343716085,12,5.0,5.0,-5.0,0.3934523539646893,5,934,5.0,"[934, 563, 363, 275]","[42, 43, 44, 45]",117,0.6027837259100642,0.6447602131438721,0.7575757575757576,2,0.0004439567439268961,4,sgd,mse,120,recon+kl,0.683909430621179,0.0011571152301212617,0.5280704666651613,0.00018360923786351585,0.6829747798909004,0.5156149600802347,0.2820177367066455,False,0.5232736559655728,0.5280357585555123,0.5232736559655728,1e-05,COMPLETE
4,0.6931218905297107,elu,512,1.1375582460015305,7,6.0,0.23306843514456188,799,5.0,18,0.7828210006129415,,,5,0.0017824536581493996,2,huber,recon+kl,0.5341074597943604,True,0.0001,0.5333979689184688,0.5412778211739403,0.5225799665437932,0.527292628673738,0.8506994755767808,0.8448601743890667,elu,scaffold,512,1.1375582460015305,7,6.0,6.0,-6.0,0.23306843514456188,2,799,5.0,"[799, 625]","[42, 43, 44, 45]",18,0.7822277847309136,,,5,0.0017824536581493996,2,sgd,huber,120,recon+kl,0.6931218905297107,0.0010881502108877172,0.527430343866958,0.0008677603027704746,0.6920487222476248,0.5333979689184688,0.5341074597943604,True,0.5225799665437932,0.527292628673738,0.5225799665437932,0.0001,COMPLETE
5,0.7839514405173857,relu,128,1.9353680216575784,3,5.0,0.2613459485412163,585,,16,,,,5,0.0011565851294673551,1,mse,recon,0.8032563467344402,True,1e-06,0.719471145432889,0.7314714262730951,0.5756008945489717,0.5850475699560251,0.8417075272701955,0.8379334735652688,relu,scaffold,128,1.9353680216575784,3,5.0,5.0,-5.0,0.2613459485412163,2,585,,[585],"[42, 43, 44, 45]",16,,,,5,0.0011565851294673551,1,sgd,mse,120,recon,0.7839514405173857,0.012412590592121952,0.5840469738174134,0.018612987090201618,0.7805893363515423,0.719471145432889,0.8032563467344402,True,0.5756008945489717,0.5850475699560251,0.5756008945489717,1e-06,COMPLETE
6,0.7110835504317508,elu,64,1.9586915934766993,3,6.0,0.15007421099311924,582,1.0,127,0.8131546808549281,0.5027727042034522,0.7424547217212796,3,0.0003335500512764793,4,mse,recon,0.253560524051578,False,0.0,,,,,,,elu,scaffold,64,1.9586915934766993,3,6.0,6.0,-6.0,0.15007421099311924,3,582,1.0,"[582, 473, 237, 175]","[42, 43, 44, 45]",127,0.8127147766323024,0.5010570824524313,0.7383966244725738,3,0.0003335500512764793,4,sgd,mse,120,recon,,,,,,,0.253560524051578,False,,,,0.0,PRUNED
7,0.7142894639880062,elu,128,0.1023450253648446,1,8.0,0.3108649846282409,89,1.0,23,0.9437967302338874,0.508059315211687,,5,0.0005048304188888196,3,huber,recon,0.5666625534246501,True,1e-10,0.580244241599726,0.5858314645934356,0.5281602567359311,0.53174887946169,0.8498238939035565,0.8442487177551224,elu,scaffold,128,0.1023450253648446,1,8.0,8.0,-8.0,0.3108649846282409,2,89,1.0,"[89, 83, 42]","[42, 43, 44, 45]",23,0.9325842696629213,0.5060240963855421,,5,0.0005048304188888196,3,sgd,huber,120,recon,0.7142894639880062,0.002730006053784369,0.531682638571356,0.0008131124264477785,0.7150340677516412,0.580244241599726,0.5666625534246501,True,0.5281602567359311,0.53174887946169,0.5281602567359311,1e-10,COMPLETE
8,0.6851798929702451,gelu,256,0.2843123798463446,10,5.0,0.07934627561068766,545,5.0,120,0.5017661054831242,0.7404445219374811,,8,0.0014147335594241423,3,mse,recon,0.23010881616765388,False,1e-10,,,,,,,gelu,scaffold,256,0.2843123798463446,10,5.0,5.0,-5.0,0.07934627561068766,2,545,5.0,"[545, 273, 202]","[42, 43, 44, 45]",120,0.5009174311926605,0.73992673992674,,8,0.0014147335594241423,3,sgd,mse,120,recon,,,,,,,0.23010881616765388,False,,,,1e-10,PRUNED
9,0.6478680135706503,leakyrelu,512,0.7175251725080278,12,3.0,0.08620217891026392,413,2.0,89,0.7822851712980718,0.5956678603602783,,6,0.007931301977854554,3,huber,recon+kl,0.2256043089888526,True,1e-08,0.46231502650341244,0.46715904258421914,0.5209864218229305,0.524792189419898,0.8366006856828887,0.8286698041268927,leakyrelu,scaffold,512,0.7175251725080278,12,3.0,3.0,-3.0,0.08620217891026392,2,413,2.0,"[413, 323, 192]","[42, 43, 44, 45]",89,0.7820823244552058,0.5944272445820433,,6,0.007931301977854554,3,sgd,huber,120,recon+kl,0.6478680135706503,0.0012391942293315914,0.5247368122707883,0.0006412831261380055,0.6494578560931505,0.46231502650341244,0.2256043089888526,True,0.5209864218229305,0.524792189419898,0.5209864218229305,1e-08,COMPLETE
10,0.841212221229638,leakyrelu,64,0.571327594569229,15,8.0,0.003224457361608174,73,2.0,56,,,,1,0.01633097375776257,1,mse,recon,0.9369746035816005,True,1e-10,0.843938301711761,0.8489112914227543,0.5813349271132637,0.5877257541288685,0.83945643072326,0.8344354076934222,leakyrelu,scaffold,64,0.571327594569229,15,8.0,8.0,-8.0,0.003224457361608174,10,73,2.0,[73],"[42, 43, 44, 45]",56,,,,1,0.01633097375776257,1,sgd,mse,120,recon,0.841212221229638,0.027343379958250716,0.5861262703667951,0.022909289230651678,0.8416973662175105,0.83945643072326,0.9369746035816005,True,0.5813349271132637,0.5877257541288685,0.5813349271132637,1e-10,COMPLETE
11,0.8331162863681011,leakyrelu,64,0.5686124494327017,15,8.0,0.0005360783177254702,82,2.0,54,,,,1,0.019495399576511273,1,mse,recon,0.9219181141926562,True,1e-10,0.8228715134887974,0.8226183474506108,0.5613114531998848,0.5616806475224907,0.8493029706025692,0.8432861667616913,leakyrelu,scaffold,64,0.5686124494327017,15,8.0,8.0,-8.0,0.0005360783177254702,10,82,2.0,[82],"[42, 43, 44, 45]",54,,,,1,0.019495399576511273,1,sgd,mse,120,recon,0.8331162863681011,0.0182838853517112,0.5612799092467461,0.003275940222655446,0.8360872420456833,0.8228715134887974,0.9219181141926562,True,0.5613114531998848,0.5616806475224907,0.5613114531998848,1e-10,COMPLETE
12,0.7820328361944222,leakyrelu,64,0.5063150451688377,15,8.0,0.011355141079978988,246,2.0,49,,,,2,0.014965835546542293,1,mse,recon,0.9289179321517094,True,1e-10,,,,,,,leakyrelu,scaffold,64,0.5063150451688377,15,8.0,8.0,-8.0,0.011355141079978988,5,246,2.0,[246],"[42, 43, 44, 45]",49,,,,2,0.014965835546542293,1,sgd,mse,120,recon,,,,,,,0.9289179321517094,True,,,,1e-10,PRUNED
13,0.6926842831565498,leakyrelu,64,0.27050378249950063,15,4.0,0.017901430692628298,133,2.0,41,,,,3,0.01661571667052049,1,mse,recon,0.9464259264544416,True,1e-10,0.5545614564928186,0.5588514441160919,0.5430375055744663,0.5486918026883512,0.8336932321744088,0.8288296437186817,leakyrelu,scaffold,64,0.27050378249950063,15,4.0,4.0,-4.0,0.017901430692628298,3,133,2.0,[133],"[42, 43, 44, 45]",41,,,,3,0.01661571667052049,1,sgd,mse,120,recon,0.6926842831565498,0.02098824933718245,0.5487536628007624,0.016953772530192597,0.6941273443336138,0.5545614564928186,0.9464259264544416,True,0.5430375055744663,0.5486918026883512,0.5430375055744663,1e-10,COMPLETE
14,0.8778608831930543,leakyrelu,64,0.4942584216672601,12,8.0,0.0006528689232948325,284,2.0,70,0.9962584164530706,,,1,0.010902586090699383,2,mse,recon,0.0012889620887366893,True,1e-06,0.9232380452392646,0.9226151015587807,0.5856926074578364,0.587825776991237,0.8394299084940755,0.8322665404061788,leakyrelu,scaffold,64,0.4942584216672601,12,8.0,8.0,-8.0,0.0006528689232948325,10,284,2.0,"[284, 282]","[42, 43, 44, 45]",70,0.9929577464788732,,,1,0.010902586090699383,2,sgd,mse,120,recon,0.8778608831930543,0.005093772710934181,0.5874594675137974,0.004065964447578516,0.88133397686667,0.8394299084940755,0.0012889620887366893,True,0.5856926074578364,0.587825776991237,0.5856926074578364,1e-06,COMPLETE
15,0.8096473344406998,gelu,256,0.34112246041324384,12,8.0,0.050821478381821925,316,2.0,76,0.992200229859342,,,2,0.00950759718906293,2,mse,recon,0.04274720692520521,True,1e-06,0.7901238519421723,0.7977233126537095,0.6586788655749181,0.6627646283877232,0.8239439937829411,0.8214820795017697,gelu,scaffold,256,0.34112246041324384,12,8.0,8.0,-8.0,0.050821478381821925,5,316,2.0,"[316, 313]","[42, 43, 44, 45]",76,0.990506329113924,,,2,0.00950759718906293,2,sgd,mse,120,recon,0.8096473344406998,0.010630016471179437,0.6627541909638135,0.0036020608930381216,0.8070339228625567,0.7901238519421723,0.04274720692520521,True,0.6586788655749181,0.6627646283877232,0.6586788655749181,1e-06,COMPLETE
16,0.772888572355633,leakyrelu,64,0.6692103457604416,10,4.0,0.12513888894086386,411,2.0,70,0.8952393123650704,,,7,0.0035652034484325705,2,mse,recon,0.010550454593156733,True,1e-06,0.7519380138152684,0.7473127161575791,0.6104720937978063,0.6172392608022339,0.7996532258519761,0.7976293170361338,leakyrelu,scaffold,64,0.6692103457604416,10,4.0,4.0,-4.0,0.12513888894086386,2,411,2.0,"[411, 367]","[42, 43, 44, 45]",70,0.8929440389294404,,,7,0.0035652034484325705,2,sgd,mse,120,recon,0.772888572355633,0.004820417605079967,0.6180045738849655,0.010888674688887427,0.7757956198336222,0.7519380138152684,0.010550454593156733,True,0.6104720937978063,0.6172392608022339,0.6104720937978063,1e-06,COMPLETE
17,0.7342502213321893,leakyrelu,64,0.20455588213301834,10,3.0,0.055968439773914205,217,2.0,35,,,,3,0.009957033536962107,1,mse,recon,0.6843915051165181,True,1e-05,0.6473152711213475,0.6537873118793996,0.5663816585472329,0.5742749430322462,0.8221453839654824,0.8143818822315176,leakyrelu,scaffold,64,0.20455588213301834,10,3.0,3.0,-3.0,0.055968439773914205,3,217,2.0,[217],"[42, 43, 44, 45]",35,,,,3,0.009957033536962107,1,sgd,mse,120,recon,0.7342502213321893,0.03710297793350594,0.5744347385222442,0.030500008289024473,0.7347303275434149,0.6473152711213475,0.6843915051165181,True,0.5663816585472329,0.5742749430322462,0.5663816585472329,1e-05,COMPLETE
18,0.7330602374017059,leakyrelu,64,0.417999798950571,13,8.0,0.1828479999576452,439,,85,0.8783676330820707,,,1,0.007366255034244816,2,huber,recon+kl,0.368061239597837,True,0.0,,,,,,,leakyrelu,scaffold,64,0.417999798950571,13,8.0,8.0,-8.0,0.1828479999576452,10,439,,"[439, 385]","[42, 43, 44, 45]",85,0.876993166287016,,,1,0.007366255034244816,2,sgd,huber,120,recon+kl,,,,,,,0.368061239597837,True,,,,0.0,PRUNED
19,0.8153463369522675,gelu,128,0.9834710334299633,13,8.0,0.04603062198195901,275,1.0,64,,,,4,0.0024239242245619745,1,mse,recon,0.13307361453024602,True,1e-06,0.803377505687367,0.8098439990281141,0.6218717599884089,0.6278021690084129,0.8204930086312497,0.8198325255061238,gelu,scaffold,128,0.9834710334299633,13,8.0,8.0,-8.0,0.04603062198195901,2,275,1.0,[275],"[42, 43, 44, 45]",64,,,,4,0.0024239242245619745,1,sgd,mse,120,recon,0.8153463369522675,0.025731482110294617,0.6284097740859287,0.015179837216799918,0.8119352571593084,0.803377505687367,0.13307361453024602,True,0.6218717599884089,0.6278021690084129,0.6218717599884089,1e-06,COMPLETE
20,0.795394245610049,leakyrelu,256,0.2109214460292745,8,8.0,0.1302573371046386,168,2.0,102,0.6910516908977625,,,2,0.012729730356265215,2,mse,recon,0.37533264459147153,True,1e-06,0.7638376508398863,0.7712376438541625,0.6509046535739621,0.657330023464505,0.8209703146727483,0.818561159070339,leakyrelu,scaffold,256,0.2109214460292745,8,8.0,8.0,-8.0,0.1302573371046386,5,168,2.0,"[168, 116]","[42, 43, 44, 45]",102,0.6904761904761905,,,2,0.012729730356265215,2,sgd,mse,120,recon,0.795394245610049,0.012050545401861755,0.6573571166648791,0.013341018156072009,0.7924039827563173,0.7638376508398863,0.37533264459147153,True,0.6509046535739621,0.657330023464505,0.6509046535739621,1e-06,COMPLETE
21,0.8323539869077659,leakyrelu,64,0.5439238597686594,15,8.0,0.00041547095450175653,67,2.0,59,,,,1,0.01989880572486573,1,mse,recon,0.8125103410670376,True,1e-10,0.8274933529780352,0.8259395504392775,0.5687277797535379,0.5720976817040838,0.8437590720324551,0.8357693986726655,leakyrelu,scaffold,64,0.5439238597686594,15,8.0,8.0,-8.0,0.00041547095450175653,10,67,2.0,[67],"[42, 43, 44, 45]",59,,,,1,0.01989880572486573,1,sgd,mse,120,recon,0.8323539869077659,0.024956930011667624,0.5712029004630805,0.01762059529451367,0.8356262125052452,0.8274933529780352,0.8125103410670376,True,0.5687277797535379,0.5720976817040838,0.5687277797535379,1e-10,COMPLETE
22,0.8156066330740382,leakyrelu,64,0.6342975829837861,14,8.0,0.035332582439749266,95,2.0,76,,,,1,0.01964288030245779,1,mse,recon,0.7204190590193112,True,1e-10,0.7939939993338865,0.7963978627213557,0.5824329417564698,0.5864175332962643,0.8403763258762497,0.8328577249167829,leakyrelu,scaffold,64,0.6342975829837861,14,8.0,8.0,-8.0,0.035332582439749266,10,95,2.0,[95],"[42, 43, 44, 45]",76,,,,1,0.01964288030245779,1,sgd,mse,120,recon,0.8156066330740382,0.02666584435333385,0.5872248165835907,0.009970977928674163,0.8171851626050681,0.7939939993338865,0.7204190590193112,True,0.5824329417564698,0.5864175332962643,0.5824329417564698,1e-10,COMPLETE
23,0.8623263212661424,leakyrelu,64,0.4782591805030427,14,8.0,0.0046470581585820285,203,2.0,44,,,,2,0.0060346609980304776,1,mse,recon,0.6959871324924884,True,1e-10,0.9010732800066235,0.9022319446090912,0.6018290271168389,0.6070121436340064,0.8277020308933636,0.822513826205543,leakyrelu,scaffold,64,0.4782591805030427,14,8.0,8.0,-8.0,0.0046470581585820285,5,203,2.0,[203],"[42, 43, 44, 45]",44,,,,2,0.0060346609980304776,1,sgd,mse,120,recon,0.8623263212661424,0.002685086582677021,0.6074386814575842,0.01020460908181546,0.8643876554499935,0.8277020308933636,0.6959871324924884,True,0.6018290271168389,0.6070121436340064,0.6018290271168389,1e-10,COMPLETE
24,0.7856718734417366,leakyrelu,64,0.34452278566459077,11,3.0,0.07236321728876695,350,2.0,35,0.8630332880217569,,,2,0.005940883022214976,2,mse,recon,0.6622987981653407,True,0.0,0.7767124102205137,0.7846529236077007,0.5938255610688674,0.6020204971012775,0.7864512335329792,0.7843300543945612,leakyrelu,scaffold,64,0.34452278566459077,11,3.0,3.0,-3.0,0.07236321728876695,5,350,2.0,"[350, 302]","[42, 43, 44, 45]",35,0.8628571428571429,,,2,0.005940883022214976,2,sgd,mse,120,recon,0.7856718734417366,0.011622211818245014,0.6012755737466624,0.015366630116969874,0.7815818218767465,0.7767124102205137,0.6622987981653407,True,0.5938255610688674,0.6020204971012775,0.5938255610688674,0.0,COMPLETE
25,0.7729103659907685,leakyrelu,64,0.44503124080504364,13,4.0,0.10552330611270952,207,2.0,45,,,,3,0.011400171146826643,1,mse,recon,0.6313337904815212,True,0.0001,0.71007670653939,0.7155725835511375,0.5854444707879143,0.5910075154156341,0.8388338592618936,0.8325608022574471,leakyrelu,scaffold,64,0.44503124080504364,13,4.0,4.0,-4.0,0.10552330611270952,3,207,2.0,[207],"[42, 43, 44, 45]",45,,,,3,0.011400171146826643,1,sgd,mse,120,recon,0.7729103659907685,0.016908258302980324,0.5919928670350989,0.021104585183468957,0.7744552829006418,0.71007670653939,0.6313337904815212,True,0.5854444707879143,0.5910075154156341,0.5854444707879143,0.0001,COMPLETE
26,0.7275399279976518,leakyrelu,64,0.8869403132750585,8,8.0,0.03222534112463654,464,2.0,32,0.9754266271525481,,,2,0.0030848057512361943,2,huber,recon+kl,0.4143542057738219,False,1e-08,,,,,,,leakyrelu,scaffold,64,0.8869403132750585,8,8.0,8.0,-8.0,0.03222534112463654,5,464,2.0,"[464, 452]","[42, 43, 44, 45]",32,0.9741379310344828,,,2,0.0030848057512361943,2,sgd,huber,120,recon+kl,,,,,,,0.4143542057738219,False,,,,1e-08,PRUNED
27,0.7300286655762351,gelu,64,1.3849628578377178,14,8.0,0.06203740726885822,277,1.0,66,,,,4,0.007152356446221889,1,mse,recon,0.8397426249276481,True,1e-05,0.5998010597601615,0.6101006508718748,0.5343689421779652,0.5393594079587386,0.8568927406805271,0.8508185174835966,gelu,scaffold,64,1.3849628578377178,14,8.0,8.0,-8.0,0.06203740726885822,2,277,1.0,[277],"[42, 43, 44, 45]",66,,,,4,0.007152356446221889,1,sgd,mse,120,recon,0.7300286655762351,0.019341805196018476,0.5395917949969987,0.0076604156852550015,0.7283469002203443,0.5998010597601615,0.8397426249276481,True,0.5343689421779652,0.5393594079587386,0.5343689421779652,1e-05,COMPLETE
28,0.5,relu,128,0.7610864507808128,11,8.0,0.22230962278761454,661,,77,,,,1,0.013034923599372913,1,mse,recon,0.750159724541994,True,1e-06,,,,,,,relu,scaffold,128,0.7610864507808128,11,8.0,8.0,-8.0,0.22230962278761454,10,661,,[661],"[42, 43, 44, 45]",77,,,,1,0.013034923599372913,1,sgd,mse,120,recon,,,,,,,0.750159724541994,True,,,,1e-06,PRUNED
29,0.6973712451146976,relu,256,0.27337145660538203,14,6.0,0.1619428951840446,340,5.0,98,0.7131403985693604,,,1,0.005418354857549335,2,mse,recon,0.8361124677520473,False,0.0001,,,,,,,relu,scaffold,256,0.27337145660538203,14,6.0,6.0,-6.0,0.1619428951840446,10,340,5.0,"[340, 242]","[42, 43, 44, 45]",98,0.711764705882353,,,1,0.005418354857549335,2,sgd,mse,120,recon,,,,,,,0.8361124677520473,False,,,,0.0001,PRUNED
30,0.8072699979866063,leakyrelu,64,0.51670319996631,9,8.0,0.024520335830350817,491,2.0,27,0.9294969062192616,0.9910440393542805,,3,0.004082999056540988,3,mse,recon,0.8844860983904914,True,1e-10,0.7738017578621144,0.7751060618676392,0.568433240943021,0.5723242914077009,0.8447634544568446,0.8401667588688113,leakyrelu,scaffold,64,0.51670319996631,9,8.0,8.0,-8.0,0.024520335830350817,3,491,2.0,"[491, 456, 451]","[42, 43, 44, 45]",27,0.9287169042769857,0.9890350877192983,,3,0.004082999056540988,3,sgd,mse,120,recon,0.8072699979866063,0.0486656146859578,0.5712198355508891,0.03082551145851556,0.8092826061594796,0.7738017578621144,0.8844860983904914,True,0.568433240943021,0.5723242914077009,0.568433240943021,1e-10,COMPLETE
31,0.7589220569639904,leakyrelu,64,0.6017461938821979,15,8.0,0.015175334319418038,144,2.0,52,,,,1,0.009509867105507316,1,mse,recon,0.8898958979554024,True,1e-10,,,,,,,leakyrelu,scaffold,64,0.6017461938821979,15,8.0,8.0,-8.0,0.015175334319418038,10,144,2.0,[144],"[42, 43, 44, 45]",52,,,,1,0.009509867105507316,1,sgd,mse,120,recon,,,,,,,0.8898958979554024,True,,,,1e-10,PRUNED
32,0.80956349693569,leakyrelu,64,0.7831039730452674,14,8.0,0.0076914128173797575,145,2.0,58,,,,1,0.016015347657985284,1,mse,recon,0.7732094120538485,True,1e-10,,,,,,,leakyrelu,scaffold,64,0.7831039730452674,14,8.0,8.0,-8.0,0.0076914128173797575,10,145,2.0,[145],"[42, 43, 44, 45]",58,,,,1,0.016015347657985284,1,sgd,mse,120,recon,,,,,,,0.7732094120538485,True,,,,1e-10,PRUNED
33,0.7947448393848047,leakyrelu,64,0.4816243656132594,13,8.0,0.10208615689232868,213,2.0,42,,,,2,0.013886028161603595,1,mse,recon,0.5989726790069916,True,1e-10,0.7472854183248939,0.7482537307763233,0.5788295784480308,0.5853596930327167,0.8485785816299456,0.8417582161048922,leakyrelu,scaffold,64,0.4816243656132594,13,8.0,8.0,-8.0,0.10208615689232868,5,213,2.0,[213],"[42, 43, 44, 45]",42,,,,2,0.013886028161603595,1,sgd,mse,120,recon,0.7947448393848047,0.01353672458622042,0.5860633518113958,0.019198901130146023,0.7979319999774197,0.7472854183248939,0.5989726790069916,True,0.5788295784480308,0.5853596930327167,0.5788295784480308,1e-10,COMPLETE
34,0.7718227717187796,leakyrelu,64,0.35944971741894893,15,8.0,0.041132510629857906,69,2.0,59,,,,1,0.006361193902014526,1,mse,recon,0.8819428614331536,True,1e-10,,,,,,,leakyrelu,scaffold,64,0.35944971741894893,15,8.0,8.0,-8.0,0.041132510629857906,10,69,2.0,[69],"[42, 43, 44, 45]",59,,,,1,0.006361193902014526,1,sgd,mse,120,recon,,,,,,,0.8819428614331536,True,,,,1e-10,PRUNED
35,0.8227065069311551,leakyrelu,512,0.5965326840350312,6,6.0,0.0007783360850100157,180,2.0,50,0.5006783281009829,,,2,0.010427805386026815,2,mse,recon+kl,0.4705096785537356,False,1e-10,,,,,,,leakyrelu,scaffold,512,0.5965326840350312,6,6.0,6.0,-6.0,0.0007783360850100157,5,180,2.0,"[180, 90]","[42, 43, 44, 45]",50,0.5,,,2,0.010427805386026815,2,sgd,mse,120,recon+kl,,,,,,,0.4705096785537356,False,,,,1e-10,PRUNED
36,0.6736935520594007,elu,64,0.9419430816716859,12,5.0,0.318050767673494,132,,11,,,,1,0.004735839046275765,1,huber,recon,0.7298094663762361,True,1e-08,,,,,,,elu,scaffold,64,0.9419430816716859,12,5.0,5.0,-5.0,0.318050767673494,10,132,,[132],"[42, 43, 44, 45]",11,,,,1,0.004735839046275765,1,sgd,huber,120,recon,,,,,,,0.7298094663762361,True,,,,1e-08,PRUNED
37,0.752258629132867,relu,512,1.1288309673520356,14,8.0,0.07650640490648267,1008,5.0,72,0.8250690674809299,0.9970725021651392,0.9939185905824888,2,0.01993619043485073,4,mse,recon+kl,0.5119985890366783,True,1e-05,,,,,,,relu,scaffold,512,1.1288309673520356,14,8.0,8.0,-8.0,0.07650640490648267,5,1008,5.0,"[1008, 831, 828, 822]","[42, 43, 44, 45]",72,0.8244047619047619,0.9963898916967509,0.9927536231884058,2,0.01993619043485073,4,sgd,mse,120,recon+kl,,,,,,,0.5119985890366783,True,,,,1e-05,PRUNED
38,0.6661567911583788,leakyrelu,64,0.40585771801708104,11,4.0,0.0340900503304148,285,2.0,83,0.594261276201689,,,1,0.0008687048322060855,2,mse,recon,0.14184869641668213,False,0.0001,,,,,,,leakyrelu,scaffold,64,0.40585771801708104,11,4.0,4.0,-4.0,0.0340900503304148,10,285,2.0,"[285, 169]","[42, 43, 44, 45]",83,0.5929824561403508,,,1,0.0008687048322060855,2,sgd,mse,120,recon,,,,,,,0.14184869641668213,False,,,,0.0001,PRUNED
39,0.6521754355140081,elu,128,1.510160916164637,12,3.0,0.06082134965712419,365,1.0,46,0.7191379770057247,0.8663086957338246,,3,0.008628389824983523,3,huber,recon,0.9441409218877871,True,1e-06,0.47230811134255735,0.47664877780412124,0.5220946727858784,0.5248490366287132,0.8358624287550264,0.8273904699675034,elu,scaffold,128,1.510160916164637,12,3.0,3.0,-3.0,0.06082134965712419,3,365,1.0,"[365, 262, 226]","[42, 43, 44, 45]",46,0.7178082191780822,0.8625954198473282,,3,0.008628389824983523,3,sgd,huber,120,recon,0.6521754355140081,0.0006719683999268849,0.5238854124916972,0.0013602792550392387,0.6540852700487918,0.47230811134255735,0.9441409218877871,True,0.5220946727858784,0.5248490366287132,0.5220946727858784,1e-06,COMPLETE
40,0.7550402687574914,leakyrelu,64,0.22464859051488248,4,5.0,0.2792926184784418,114,5.0,62,,,,6,0.01185110964527252,1,mse,recon,0.7756596887550281,True,1e-10,0.6504205452721938,0.6623263153859036,0.5473174914995267,0.5561234396198261,0.8543627796876794,0.8484544997704355,leakyrelu,scaffold,64,0.22464859051488248,4,5.0,5.0,-5.0,0.2792926184784418,2,114,5.0,[114],"[42, 43, 44, 45]",62,,,,6,0.01185110964527252,1,sgd,mse,120,recon,0.7550402687574914,0.009914222671776786,0.5556293525527763,0.02096607695712666,0.7523916624799366,0.6504205452721938,0.7756596887550281,True,0.5473174914995267,0.5561234396198261,0.5473174914995267,1e-10,COMPLETE
41,0.7586176075989621,leakyrelu,64,0.5680936454814925,15,8.0,0.00848855309001089,69,2.0,55,,,,1,0.017353389290150015,1,mse,recon,0.8140300133528218,True,1e-10,,,,,,,leakyrelu,scaffold,64,0.5680936454814925,15,8.0,8.0,-8.0,0.00848855309001089,10,69,2.0,[69],"[42, 43, 44, 45]",55,,,,1,0.017353389290150015,1,sgd,mse,120,recon,,,,,,,0.8140300133528218,True,,,,1e-10,PRUNED
42,0.8204314425307795,leakyrelu,64,0.5198060703879357,15,8.0,0.0005781109457461257,184,2.0,55,,,,1,0.015102674544092485,1,mse,recon,0.8643940328546409,True,1e-10,,,,,,,leakyrelu,scaffold,64,0.5198060703879357,15,8.0,8.0,-8.0,0.0005781109457461257,10,184,2.0,[184],"[42, 43, 44, 45]",55,,,,1,0.015102674544092485,1,sgd,mse,120,recon,,,,,,,0.8643940328546409,True,,,,1e-10,PRUNED
43,0.7559633780490215,leakyrelu,64,0.7499254602881689,14,8.0,0.02679192376739696,67,2.0,69,,,,2,0.019326781467957285,1,mse,recon,0.9063779259227764,True,1e-10,0.7237239317252527,0.723501409375641,0.6156384904439063,0.6191279935119797,0.7928064263013204,0.788921903489757,leakyrelu,scaffold,64,0.7499254602881689,14,8.0,8.0,-8.0,0.02679192376739696,5,67,2.0,[67],"[42, 43, 44, 45]",69,,,,2,0.019326781467957285,1,sgd,mse,120,recon,0.7559633780490215,0.017925228825489053,0.6204645129939166,0.010870629243403089,0.7582651790132866,0.7237239317252527,0.9063779259227764,True,0.6156384904439063,0.6191279935119797,0.6156384904439063,1e-10,COMPLETE
44,0.7677646130991023,leakyrelu,64,0.31510265028019324,0,8.0,0.09588240109133872,782,2.0,38,,,,1,0.012367104562798686,1,mse,recon,0.80133912177409,True,1e-10,,,,,,,leakyrelu,scaffold,64,0.31510265028019324,0,8.0,8.0,-8.0,0.09588240109133872,10,782,2.0,[782],"[42, 43, 44, 45]",38,,,,1,0.012367104562798686,1,sgd,mse,120,recon,,,,,,,0.80133912177409,True,,,,1e-10,PRUNED
45,0.8065161587198767,gelu,512,0.4455997433536785,13,6.0,0.3635502092223875,116,2.0,63,,,,2,0.015450140792142833,1,mse,recon,0.30427452799028487,True,0.0,0.7842467461110452,0.7946984590010933,0.6405055500046102,0.6458545315942881,0.8238045051096923,0.8211268248733161,gelu,scaffold,512,0.4455997433536785,13,6.0,6.0,-6.0,0.3635502092223875,5,116,2.0,[116],"[42, 43, 44, 45]",63,,,,2,0.015450140792142833,1,sgd,mse,120,recon,0.8065161587198767,0.009653807777485571,0.6457090397852254,0.012842945894146434,0.8040256256103687,0.7842467461110452,0.30427452799028487,True,0.6405055500046102,0.6458545315942881,0.6405055500046102,0.0,COMPLETE
46,0.7491423083653689,elu,256,0.5620353021019279,15,8.0,0.000739438281292328,246,2.0,25,0.5519734911259795,,,1,0.007990548256824366,2,mse,recon+kl,0.6758613263280617,False,1e-10,,,,,,,elu,scaffold,256,0.5620353021019279,15,8.0,8.0,-8.0,0.000739438281292328,10,246,2.0,"[246, 135]","[42, 43, 44, 45]",25,0.5487804878048781,,,1,0.007990548256824366,2,sgd,mse,120,recon+kl,,,,,,,0.6758613263280617,False,,,,1e-10,PRUNED
47,0.5,leakyrelu,64,0.6831731226364137,14,8.0,0.024180782539214452,163,,48,,,,2,0.002130629834063315,1,huber,recon,0.8570043587540903,True,1e-10,,,,,,,leakyrelu,scaffold,64,0.6831731226364137,14,8.0,8.0,-8.0,0.024180782539214452,5,163,,[163],"[42, 43, 44, 45]",48,,,,2,0.002130629834063315,1,sgd,huber,120,recon,,,,,,,0.8570043587540903,True,,,,1e-10,PRUNED
48,0.6698041268927313,relu,64,0.47579890340695985,13,5.0,0.04991903698980234,234,2.0,58,0.9204642391947451,0.8720017144018605,,1,0.017400649944139222,3,mse,recon,0.9255793706411202,True,1e-06,,,,,,,relu,scaffold,64,0.47579890340695985,13,5.0,5.0,-5.0,0.04991903698980234,10,234,2.0,"[234, 215, 187]","[42, 43, 44, 45]",58,0.9188034188034188,0.8697674418604651,,1,0.017400649944139222,3,sgd,mse,120,recon,,,,,,,0.9255793706411202,True,,,,1e-06,PRUNED
49,0.8468330827175546,leakyrelu,128,0.3989982568493909,15,8.0,0.1198965162189912,108,1.0,81,0.8450180890069481,,,3,0.009723032651826516,2,mse,recon,0.5797924335058168,True,1e-08,0.8702566324389724,0.8717380551180657,0.6192787910605317,0.6256619384842343,0.822104231702108,0.8220618416484615,leakyrelu,scaffold,128,0.3989982568493909,15,8.0,8.0,-8.0,0.1198965162189912,3,108,1.0,"[108, 91]","[42, 43, 44, 45]",81,0.8425925925925926,,,3,0.009723032651826516,2,sgd,mse,120,recon,0.8468330827175546,0.014677510789348246,0.6255920224446364,0.02042370240114156,0.8461804320705402,0.822104231702108,0.5797924335058168,True,0.6192787910605317,0.6256619384842343,0.6192787910605317,1e-08,COMPLETE
50,0.7888875922962286,leakyrelu,128,0.37532561039097967,12,4.0,0.12790158986489608,302,1.0,106,0.850579323971206,,,3,0.009044392079430665,2,mse,recon,0.5573384255779006,True,1e-08,0.7727530525495776,0.7721728223358755,0.6090859756774505,0.6119057812861635,0.8080065331805413,0.8067276929612129,leakyrelu,scaffold,128,0.37532561039097967,12,4.0,4.0,-4.0,0.12790158986489608,3,302,1.0,"[302, 256]","[42, 43, 44, 45]",106,0.847682119205298,,,3,0.009044392079430665,2,sgd,mse,120,recon,0.7888875922962286,0.007768846844543043,0.6128993799405766,0.004405933740486356,0.7903797928650594,0.7727530525495776,0.5573384255779006,True,0.6090859756774505,0.6119057812861635,0.6090859756774505,1e-08,COMPLETE
51,0.8319965418903509,leakyrelu,128,0.4239035717969229,15,8.0,0.18891801321910048,109,1.0,79,0.9998119343773525,,,2,0.014015102856960227,2,mse,recon,0.612250281503009,True,1e-08,0.8325117181399252,0.8372875734324224,0.6090836800322142,0.6171407668019593,0.8291031459748118,0.8271692847841999,leakyrelu,scaffold,128,0.4239035717969229,15,8.0,8.0,-8.0,0.18891801321910048,5,109,1.0,"[109, 108]","[42, 43, 44, 45]",79,0.9908256880733946,,,2,0.014015102856960227,2,sgd,mse,120,recon,0.8319965418903509,0.009047561277133905,0.6169285930846511,0.015593173261493763,0.8308074320573685,0.8291031459748118,0.612250281503009,True,0.6090836800322142,0.6171407668019593,0.6090836800322142,1e-08,COMPLETE
52,0.7256499604377531,leakyrelu,128,0.31356082168841837,14,8.0,0.020984920667718288,191,1.0,72,0.9084303453326731,,,8,0.011021687482804512,2,mse,recon,0.6887649517113482,True,1e-08,,,,,,,leakyrelu,scaffold,128,0.31356082168841837,14,8.0,8.0,-8.0,0.020984920667718288,2,191,1.0,"[191, 173]","[42, 43, 44, 45]",72,0.9057591623036649,,,8,0.011021687482804512,2,sgd,mse,120,recon,,,,,,,0.6887649517113482,True,,,,1e-08,PRUNED
53,0.8809214886977105,leakyrelu,128,0.5334940569520221,15,8.0,0.06633951232923285,105,1.0,84,,,,3,0.006897442752919819,1,mse,recon,0.4469285410033024,True,1e-08,0.9228176599095665,0.9212799933341612,0.5884809508487301,0.5910701546596895,0.8476776725920658,0.8413317811854938,leakyrelu,scaffold,128,0.5334940569520221,15,8.0,8.0,-8.0,0.06633951232923285,3,105,1.0,[105],"[42, 43, 44, 45]",84,,,,3,0.006897442752919819,1,sgd,mse,120,recon,0.8809214886977105,0.0026909944106222297,0.590989095567523,0.012037987979725114,0.8852476662508162,0.8476776725920658,0.4469285410033024,True,0.5884809508487301,0.5910701546596895,0.5884809508487301,1e-08,COMPLETE
54,0.7813048699785112,leakyrelu,128,0.8330812839343198,13,8.0,0.06872963497456008,102,1.0,90,0.9592841959879366,,,4,0.006680353205701035,2,mse,recon,0.48911038990639205,True,1e-08,0.7180891481839001,0.7209783165017377,0.5726099040156857,0.5777264080114255,0.8445293550930395,0.8402996228650028,leakyrelu,scaffold,128,0.8330812839343198,13,8.0,8.0,-8.0,0.06872963497456008,2,102,1.0,"[102, 97]","[42, 43, 44, 45]",90,0.9509803921568627,,,4,0.006680353205701035,2,sgd,mse,120,recon,0.7813048699785112,0.05391934981689069,0.5778376768305418,0.04305870844414451,0.7813092516384699,0.7180891481839001,0.48911038990639205,True,0.5726099040156857,0.5777264080114255,0.5726099040156857,1e-08,COMPLETE
55,0.7800651024760981,leakyrelu,128,0.6591530996158639,15,3.0,0.08879495370291196,149,1.0,88,,,,3,0.004013592761461373,1,mse,recon,0.42491754341984006,True,1e-08,0.7554106100206796,0.7646547458937116,0.6108580632657247,0.6149452473322532,0.7986306287998104,0.7966512275116147,leakyrelu,scaffold,128,0.6591530996158639,15,3.0,3.0,-3.0,0.08879495370291196,3,149,1.0,[149],"[42, 43, 44, 45]",88,,,,3,0.004013592761461373,1,sgd,mse,120,recon,0.7800651024760981,0.010071650017573586,0.614579320070337,0.01583161209538262,0.7770206194102449,0.7554106100206796,0.42491754341984006,True,0.6108580632657247,0.6149452473322532,0.6108580632657247,1e-08,COMPLETE
56,0.7781987293744743,gelu,128,0.3941422989032609,14,8.0,0.11289501482893245,250,1.0,96,0.6472829293768256,,,4,0.0031173306436058945,2,mse,recon+kl,0.11224255683515422,True,1e-08,0.714370551011307,0.718257677004597,0.5864063179167585,0.5939125739028415,0.8433434849776362,0.8390087928387159,gelu,scaffold,128,0.3941422989032609,14,8.0,8.0,-8.0,0.11289501482893245,2,250,1.0,"[250, 161]","[42, 43, 44, 45]",96,0.644,,,4,0.0031173306436058945,2,sgd,mse,120,recon+kl,0.7781987293744743,0.03636484996427432,0.5941699666566937,0.027767334690622335,0.7788570179944716,0.714370551011307,0.11224255683515422,True,0.5864063179167585,0.5939125739028415,0.5864063179167585,1e-08,COMPLETE
57,0.7282044243857737,leakyrelu,128,0.48365428113832465,13,8.0,0.1438390777456971,379,1.0,82,0.7518179711407196,0.894671103341701,,5,0.007881693483384737,3,huber,recon,0.3126630317438165,True,1e-08,,,,,,,leakyrelu,scaffold,128,0.48365428113832465,13,8.0,8.0,-8.0,0.1438390777456971,2,379,1.0,"[379, 284, 254]","[42, 43, 44, 45]",82,0.7493403693931399,0.8943661971830986,,5,0.007881693483384737,3,sgd,huber,120,recon,,,,,,,0.3126630317438165,True,,,,1e-08,PRUNED
58,0.883062285194876,leakyrelu,128,0.10217422626616209,15,8.0,0.0529468667780911,652,1.0,90,,,,3,0.005279363333048123,1,mse,recon,0.5243134597146241,False,1e-06,0.9451503365378283,0.944574177213463,0.5921852943224177,0.5969289894127475,0.8321795269841807,0.8216128413125823,leakyrelu,scaffold,128,0.10217422626616209,15,8.0,8.0,-8.0,0.0529468667780911,3,652,1.0,[652],"[42, 43, 44, 45]",90,,,,3,0.005279363333048123,1,sgd,mse,120,recon,0.883062285194876,0.0026482575387851604,0.5968917969021961,0.011803106863820191,0.8886649317610045,0.8321795269841807,0.5243134597146241,False,0.5921852943224177,0.5969289894127475,0.5921852943224177,1e-06,COMPLETE
59,0.8663678241093555,elu,128,0.1615893196464553,14,8.0,0.04885123158008308,647,1.0,93,,,,3,0.005255512868215998,1,mse,recon,0.5784158614439584,False,1e-06,0.8987272152506112,0.8983042831894792,0.6042741997700591,0.6117551295675343,0.846724368274183,0.836855846298084,elu,scaffold,128,0.1615893196464553,14,8.0,8.0,-8.0,0.04885123158008308,3,647,1.0,[647],"[42, 43, 44, 45]",93,,,,3,0.005255512868215998,1,sgd,mse,120,recon,0.8663678241093555,0.0036863702600265736,0.611813652644414,0.014532929756109259,0.8727257917623971,0.846724368274183,0.5784158614439584,False,0.6042741997700591,0.6117551295675343,0.6042741997700591,1e-06,COMPLETE
60,0.8749331931366794,elu,128,0.10415543438467902,12,6.0,0.04858336316670572,637,1.0,111,,,,3,0.005305340422940595,1,mse,recon,0.5743763185047768,False,1e-06,0.9073100024273626,0.9060047058375248,0.596895337393991,0.6033900782259932,0.8488664498975427,0.8432708781407531,elu,scaffold,128,0.10415543438467902,12,6.0,6.0,-6.0,0.04858336316670572,3,637,1.0,[637],"[42, 43, 44, 45]",111,,,,3,0.005305340422940595,1,sgd,mse,120,recon,0.8749331931366794,0.002706298790276125,0.6032947301534883,0.013799562327529921,0.8780882261624526,0.8488664498975427,0.5743763185047768,False,0.596895337393991,0.6033900782259932,0.596895337393991,1e-06,COMPLETE
61,0.8718217823685979,elu,128,0.1053424216645114,11,6.0,0.05100331630029423,651,1.0,116,,,,3,0.005437658229945209,1,mse,recon,0.5706126285366802,False,1e-06,0.9039681074663038,0.9024864266447263,0.5884041031836084,0.5931053788190975,0.8468494244892659,0.8403362567528663,elu,scaffold,128,0.1053424216645114,11,6.0,6.0,-6.0,0.05100331630029423,3,651,1.0,[651],"[42, 43, 44, 45]",116,,,,3,0.005437658229945209,1,sgd,mse,120,recon,0.8718217823685979,0.0061290761301302805,0.5940575364904102,0.007656305476370764,0.8754087659777849,0.8468494244892659,0.5706126285366802,False,0.5884041031836084,0.5931053788190975,0.5884041031836084,1e-06,COMPLETE
62,0.8731513411178287,elu,128,0.10005690451501134,10,6.0,0.04535584578018761,650,1.0,124,,,,3,0.005372691480071392,1,mse,recon,0.5354472383369507,False,1e-06,0.9251632730632375,0.9262232896031732,0.5875391435737928,0.5938232530751297,0.824780690612881,0.8181215377153814,elu,scaffold,128,0.10005690451501134,10,6.0,6.0,-6.0,0.04535584578018761,3,650,1.0,[650],"[42, 43, 44, 45]",124,,,,3,0.005372691480071392,1,sgd,mse,120,recon,0.8731513411178287,0.007716326187965785,0.5936142693873827,0.010778695778871063,0.8749719818380592,0.824780690612881,0.5354472383369507,False,0.5875391435737928,0.5938232530751297,0.5875391435737928,1e-06,COMPLETE
63,0.8279586112922225,elu,128,0.1077228650558836,10,6.0,0.08419093037681298,653,1.0,127,,,,4,0.0049234158710301425,1,mse,recon,0.6447544890640731,False,1e-06,0.8291695691525495,0.8307438378625285,0.5963840012343797,0.6033880789447935,0.8332565891604148,0.8265514186899392,elu,scaffold,128,0.1077228650558836,10,6.0,6.0,-6.0,0.08419093037681298,2,653,1.0,[653],"[42, 43, 44, 45]",127,,,,4,0.0049234158710301425,1,sgd,mse,120,recon,0.8279586112922225,0.00849471840588177,0.6032062325592117,0.007353971392471756,0.8312130791564821,0.8291695691525495,0.6447544890640731,False,0.5963840012343797,0.6033880789447935,0.5963840012343797,1e-06,COMPLETE
64,0.876995142981535,elu,128,0.120819866540314,11,6.0,0.050736721575819724,633,1.0,119,,,,5,0.003351287910495584,1,mse,recon,0.5410276075390096,False,1e-06,0.9235633494593004,0.9232337761858795,0.5832524306555197,0.589589995643919,0.8386357469596812,0.8294703398401704,elu,scaffold,128,0.120819866540314,11,6.0,6.0,-6.0,0.050736721575819724,2,633,1.0,[633],"[42, 43, 44, 45]",119,,,,5,0.003351287910495584,1,sgd,mse,120,recon,0.876995142981535,0.0028487855003759078,0.590150867523394,0.008859407548278233,0.8810995482094908,0.8386357469596812,0.5410276075390096,False,0.5832524306555197,0.589589995643919,0.5832524306555197,1e-06,COMPLETE
65,0.8636752627525917,elu,128,0.11458457921201558,9,6.0,0.06257967616110875,726,1.0,119,,,,5,0.0038581527333555825,1,mse,recon,0.45505921950423134,False,1e-06,0.9197183694897458,0.9197564087546877,0.5763106064454945,0.5797468433701953,0.8141503478278868,0.8082181717961167,elu,scaffold,128,0.11458457921201558,9,6.0,6.0,-6.0,0.06257967616110875,2,726,1.0,[726],"[42, 43, 44, 45]",119,,,,5,0.0038581527333555825,1,sgd,mse,120,recon,0.8636752627525917,0.0067996383672603335,0.5798947313765781,0.005188225422912757,0.8669343586588163,0.8141503478278868,0.45505921950423134,False,0.5763106064454945,0.5797468433701953,0.5763106064454945,1e-06,COMPLETE
66,0.8701134994877135,elu,128,0.12781080398076425,11,6.0,0.04184835856647591,603,1.0,111,,,,6,0.003260197745235096,1,mse,recon,0.5280907704902673,False,1e-06,0.9179327808731355,0.9173144484759362,0.5814622413400546,0.5873392313304769,0.831115570684234,0.8223394771244597,elu,scaffold,128,0.12781080398076425,11,6.0,6.0,-6.0,0.04184835856647591,2,603,1.0,[603],"[42, 43, 44, 45]",111,,,,6,0.003260197745235096,1,sgd,mse,120,recon,0.8701134994877135,0.005293064421477175,0.5879813534098799,0.00967380937790691,0.8745241757786848,0.831115570684234,0.5280907704902673,False,0.5814622413400546,0.5873392313304769,0.5814622413400546,1e-06,COMPLETE
67,0.8741426758802953,elu,128,0.14677111518204877,9,6.0,0.07343623420099327,532,1.0,122,,,,5,0.004554315040113874,1,mse,recon,0.5432497005298724,False,1e-06,0.913247989899161,0.9122645140758805,0.5919245504204607,0.5968817269932127,0.8428320829593501,0.8348333822569203,elu,scaffold,128,0.14677111518204877,9,6.0,6.0,-6.0,0.07343623420099327,2,532,1.0,[532],"[42, 43, 44, 45]",122,,,,5,0.004554315040113874,1,sgd,mse,120,recon,0.8741426758802953,0.0012995648500146652,0.5973512493625821,0.010340001665354847,0.8780400364292555,0.8428320829593501,0.5432497005298724,False,0.5919245504204607,0.5968817269932127,0.5919245504204607,1e-06,COMPLETE
68,0.8687448298000153,elu,128,0.14833177344066917,9,6.0,0.07677945509991843,534,1.0,123,,,,5,0.0025439171545559346,1,mse,recon,0.5152669218735899,False,1e-06,0.907558995260057,0.9070651775079452,0.590565500215452,0.5959997646728423,0.8351513808682431,0.8280089093850493,elu,scaffold,128,0.14833177344066917,9,6.0,6.0,-6.0,0.07677945509991843,2,534,1.0,[534],"[42, 43, 44, 45]",123,,,,5,0.0025439171545559346,1,sgd,mse,120,recon,0.8687448298000153,0.004206290644164449,0.5958447027750964,0.01064864332408592,0.8713551880641501,0.8351513808682431,0.5152669218735899,False,0.590565500215452,0.5959997646728423,0.590565500215452,1e-06,COMPLETE
69,0.7409406247589102,elu,128,0.12896788419024288,7,6.0,0.09071822599307258,692,1.0,110,,,,6,0.004531657764446773,1,mse,recon+kl,0.44420823828007755,False,1e-06,0.6376766847119435,0.6418682147924228,0.5273744216197095,0.5311611495913939,0.8464130825434996,0.8407801265803729,elu,scaffold,128,0.12896788419024288,7,6.0,6.0,-6.0,0.09071822599307258,2,692,1.0,[692],"[42, 43, 44, 45]",110,,,,6,0.004531657764446773,1,sgd,mse,120,recon+kl,0.7409406247589102,0.005292865474441476,0.531081766367292,0.003009988882594285,0.7420448836277216,0.6376766847119435,0.44420823828007755,False,0.5273744216197095,0.5311611495913939,0.5273744216197095,1e-06,COMPLETE
70,0.8030025396163449,elu,128,0.12158200819568832,10,6.0,0.06552857299567855,844,1.0,123,,,,5,0.0035985354258030746,1,huber,recon,0.3882463799777158,False,1e-06,0.7634522176497485,0.7724864301728696,0.6125701724180106,0.6209524846125911,0.8375079736038431,0.8341831307473453,elu,scaffold,128,0.12158200819568832,10,6.0,6.0,-6.0,0.06552857299567855,2,844,1.0,[844],"[42, 43, 44, 45]",123,,,,5,0.0035985354258030746,1,sgd,huber,120,recon,0.8030025396163449,0.004164997455536611,0.6210030546664634,0.00391762179178216,0.8004800956267958,0.7634522176497485,0.3882463799777158,False,0.6125701724180106,0.6209524846125911,0.6125701724180106,1e-06,COMPLETE
71,0.8737806516268976,elu,128,0.10196921384248989,10,6.0,0.053916198960426424,603,1.0,116,,,,4,0.0055976234157999296,1,mse,recon,0.5526415087300974,False,1e-06,0.9121400776379692,0.9099746167730756,0.5888153529742718,0.5934774068287919,0.8462880451451807,0.8398522836965909,elu,scaffold,128,0.10196921384248989,10,6.0,6.0,-6.0,0.053916198960426424,2,603,1.0,[603],"[42, 43, 44, 45]",116,,,,4,0.0055976234157999296,1,sgd,mse,120,recon,0.8737806516268976,0.0026728560126128586,0.593630631151906,0.005629685724942204,0.879214061391575,0.8462880451451807,0.5526415087300974,False,0.5888153529742718,0.5934774068287919,0.5888153529742718,1e-06,COMPLETE
72,0.8626217665154738,elu,128,0.14109257400827813,9,6.0,0.0406560358256121,604,1.0,114,,,,4,0.0059072628090570435,1,mse,recon,0.4882354634119329,False,1e-06,0.9178270024330076,0.9176080782015313,0.5820061775436973,0.5882227372135382,0.8143995758701342,0.8068339929785244,elu,scaffold,128,0.14109257400827813,9,6.0,6.0,-6.0,0.0406560358256121,2,604,1.0,[604],"[42, 43, 44, 45]",114,,,,4,0.0059072628090570435,1,sgd,mse,120,recon,0.8626217665154738,0.004453260538898229,0.5878806249188526,0.006186010296128891,0.8661132891515709,0.8143995758701342,0.4882354634119329,False,0.5820061775436973,0.5882227372135382,0.5820061775436973,1e-06,COMPLETE
73,0.8679322248965547,elu,128,0.18045639128697433,8,6.0,0.05778566430724799,550,1.0,105,,,,5,0.004325653406683999,1,mse,recon,0.5387181830263619,False,1e-06,0.9116319873701879,0.9104198978578997,0.5872052495008854,0.5914885630530953,0.8340117059090286,0.8288241162941888,elu,scaffold,128,0.18045639128697433,8,6.0,6.0,-6.0,0.05778566430724799,2,550,1.0,[550],"[42, 43, 44, 45]",105,,,,5,0.004325653406683999,1,sgd,mse,120,recon,0.8679322248965547,0.0021283908457688273,0.5918514178902268,0.010197778902684492,0.8728218466396083,0.8340117059090286,0.5387181830263619,False,0.5872052495008854,0.5914885630530953,0.5872052495008854,1e-06,COMPLETE
74,0.7449763061656891,elu,128,0.11395819162521625,10,6.0,0.032546254063600795,709,1.0,124,0.6602518715249865,0.5949918665473997,0.5037315531668545,4,0.0026945792392655916,4,mse,recon,0.5980595730792778,False,1e-06,,,,,,,elu,scaffold,128,0.11395819162521625,10,6.0,6.0,-6.0,0.032546254063600795,2,709,1.0,"[709, 468, 278, 140]","[42, 43, 44, 45]",124,0.6600846262341326,0.594017094017094,0.5035971223021583,4,0.0026945792392655916,4,sgd,mse,120,recon,,,,,,,0.5980595730792778,False,,,,1e-06,PRUNED
75,0.8047605325661739,elu,128,0.10059599804608965,10,6.0,0.07171974661998146,503,1.0,119,,,,6,0.006761615240799027,1,mse,recon,0.6429332990342558,False,1e-06,0.7681498040234005,0.7707616091202976,0.5843064046620415,0.5928340793004303,0.8445940471284676,0.8386270624349645,elu,scaffold,128,0.10059599804608965,10,6.0,6.0,-6.0,0.07171974661998146,2,503,1.0,[503],"[42, 43, 44, 45]",119,,,,6,0.006761615240799027,1,sgd,mse,120,recon,0.8047605325661739,0.011767831611524114,0.5927621345784386,0.024222855597840785,0.8063719255759341,0.7681498040234005,0.6429332990342558,False,0.5843064046620415,0.5928340793004303,0.5843064046620415,1e-06,COMPLETE
76,0.873496011316402,elu,128,0.13902355830427426,11,6.0,0.021383727104189676,755,1.0,100,,,,4,0.005934848469152232,1,mse,recon,0.5429669904175128,False,1e-06,0.9228887966867441,0.9232227654386848,0.5847924793156719,0.590724146706784,0.8349239520473579,0.8257650102504324,elu,scaffold,128,0.13902355830427426,11,6.0,6.0,-6.0,0.021383727104189676,2,755,1.0,[755],"[42, 43, 44, 45]",100,,,,4,0.005934848469152232,1,sgd,mse,120,recon,0.873496011316402,0.004930636125073882,0.5907720706531864,0.009811875680333485,0.878906374367051,0.8349239520473579,0.5429669904175128,False,0.5847924793156719,0.590724146706784,0.5847924793156719,1e-06,COMPLETE
77,0.8627802022002442,elu,256,0.1410634517987723,12,6.0,0.014509642587082892,792,1.0,100,,,,4,0.0016927197800551482,1,mse,recon,0.503860952557876,False,1e-06,0.8983213846880463,0.8977485859201679,0.5943193976377434,0.6001384825643863,0.8349435497073052,0.8302729924394242,elu,scaffold,256,0.1410634517987723,12,6.0,6.0,-6.0,0.014509642587082892,2,792,1.0,[792],"[42, 43, 44, 45]",100,,,,4,0.0016927197800551482,1,sgd,mse,120,recon,0.8627802022002442,0.004468115957696027,0.598965595428279,0.00947620728662707,0.8666324671976757,0.8349435497073052,0.503860952557876,False,0.5943193976377434,0.6001384825643863,0.5943193976377434,1e-06,COMPLETE
78,0.8477236816386956,elu,128,0.18740211621104633,11,6.0,0.020053542890135195,854,5.0,107,,,,5,0.005918723778840151,1,mse,recon,0.1837767271692222,False,1e-06,0.8851161652939837,0.8850029771649157,0.5908383621135742,0.5964858987168848,0.8200676556757948,0.8117152821291544,elu,scaffold,128,0.18740211621104633,11,6.0,6.0,-6.0,0.020053542890135195,2,854,5.0,[854],"[42, 43, 44, 45]",107,,,,5,0.005918723778840151,1,sgd,mse,120,recon,0.8477236816386956,0.0027507147206798947,0.5966200122638261,0.015271883842271575,0.8525919104848892,0.8200676556757948,0.1837767271692222,False,0.5908383621135742,0.5964858987168848,0.5908383621135742,1e-06,COMPLETE
79,0.8532747446917908,elu,128,0.16551023321469627,8,6.0,0.10628671053658634,770,1.0,102,,,,4,0.007719945709829746,1,mse,recon,0.0532073686376932,False,1e-05,0.897390632262095,0.8954051637434823,0.5905285723156475,0.5938869948639642,0.8149354490903035,0.8100893225917835,elu,scaffold,128,0.16551023321469627,8,6.0,6.0,-6.0,0.10628671053658634,2,770,1.0,[770],"[42, 43, 44, 45]",102,,,,4,0.007719945709829746,1,sgd,mse,120,recon,0.8532747446917908,0.006549936150896852,0.5942975678391392,0.009683902507043842,0.8561630406761993,0.8149354490903035,0.0532073686376932,False,0.5905285723156475,0.5938869948639642,0.5905285723156475,1e-05,COMPLETE
